股票代码,股票简称,最新价,最新涨跌幅,涨停[20250709],首次涨停时间[20250709],最终涨停时间[20250709],涨停明细数据[20250709],连续涨停天数[20250709],涨停原因类别[20250709],涨停封单量[20250709],涨停封单额[20250709],涨停封单量占成交量比[20250709],涨停封单量占流通a股比[20250709],涨停开板次数[20250709],a股市值(不含限售股)[20250709],几天几板[20250709],涨停类型[20250709],market_code,code
831039.BJ,国义招标,14.7,29.973474801,涨停, 13:14:31, 13:17:28,"[{""code"":""831039.BJ"",""time"":1752038071000,""openTime"":1752038206000,""duration"":132000,""updatedTime"":1752038206000,""firstVol"":303040.0,""highestVol"":4027010.0,""firstVolDivLTGB"":0.0019700961969160036,""firstVolDivVol"":0.022334,""highestVolDivLTGB"":0.026180032622567042,""highestVolDivVol"":0.276025},{""code"":""831039.BJ"",""time"":1752038248000,""openTime"":null,""duration"":6153000,""updatedTime"":1752046162000,""firstVol"":844303.0,""highestVol"":3447669.0,""firstVolDivLTGB"":0.005488906181839931,""firstVolDivVol"":0.048743,""highestVolDivLTGB"":0.02241367339336458,""highestVolDivVol"":0.196654}]",1,招标采购+碳中和+数据要素+军工,1452125,21346237.5,7.503293129926164,0.9440423508271687,1,2261152500.000,首板涨停,放量涨停,151,831039
002305.SZ,*ST南置,2.57,4.897959184,涨停, 10:07:42, 15:00:00,"[{""code"":""002305.SZ"",""time"":1752026862000,""openTime"":1752026919000,""duration"":54000,""updatedTime"":1752026919000,""firstVol"":8120900.0,""highestVol"":1.09833E7,""firstVolDivLTGB"":0.0046830544134212225,""firstVolDivVol"":0.237297,""highestVolDivLTGB"":0.0063337058132632235,""highestVolDivVol"":0.319606},{""code"":""002305.SZ"",""time"":1752026928000,""openTime"":1752028107000,""duration"":1176000,""updatedTime"":1752028107000,""firstVol"":1.151E7,""highestVol"":1.48819E7,""firstVolDivLTGB"":0.006637436281505532,""firstVolDivVol"":0.297276,""highestVolDivLTGB"":0.008581899478517565,""highestVolDivVol"":0.382441},{""code"":""002305.SZ"",""time"":1752028179000,""openTime"":1752028221000,""duration"":39000,""updatedTime"":1752028221000,""firstVol"":4922200.0,""highestVol"":6754300.0,""firstVolDivLTGB"":0.002838469927439316,""firstVolDivVol"":0.099317,""highestVolDivLTGB"":0.003894981396713537,""highestVolDivVol"":0.136133},{""code"":""002305.SZ"",""time"":1752039450000,""openTime"":1752039750000,""duration"":297000,""updatedTime"":1752039750000,""firstVol"":636200.0,""highestVol"":4993300.0,""firstVolDivLTGB"":3.6687549628964546E-4,""firstVolDivVol"":0.008743,""highestVolDivLTGB"":0.0028794709456508747,""highestVolDivVol"":0.068574},{""code"":""002305.SZ"",""time"":1752039762000,""openTime"":1752039771000,""duration"":6000,""updatedTime"":1752039771000,""firstVol"":41600.0,""highestVol"":41600.0,""firstVolDivLTGB"":2.3989343988760216E-5,""firstVolDivVol"":5.56E-4,""highestVolDivLTGB"":2.3989343988760216E-5,""highestVolDivVol"":5.56E-4},{""code"":""002305.SZ"",""time"":1752039876000,""openTime"":1752039942000,""duration"":63000,""updatedTime"":1752039942000,""firstVol"":53100.0,""highestVol"":2635900.0,""firstVolDivLTGB"":3.062101360103768E-5,""firstVolDivVol"":7.05E-4,""highestVolDivLTGB"":0.0015200363418262754,""highestVolDivVol"":0.034994},{""code"":""002305.SZ"",""time"":1752042531000,""openTime"":1752043335000,""duration"":801000,""updatedTime"":1752043335000,""firstVol"":194500.0,""highestVol"":994500.0,""firstVolDivLTGB"":1.1216171648591015E-4,""firstVolDivVol"":0.002424,""highestVolDivLTGB"":5.734952547312989E-4,""highestVolDivVol"":0.012376},{""code"":""002305.SZ"",""time"":1752044400000,""openTime"":null,""duration"":0,""updatedTime"":1752047103000,""firstVol"":80450.0,""highestVol"":80450.0,""firstVolDivLTGB"":4.639285393980191E-5,""firstVolDivVol"":9.48E-4,""highestVolDivLTGB"":4.639285393980191E-5,""highestVolDivVol"":9.48E-4}]",1,房地产+资产重组+国企改革+ST板块,80450,206756.5,0.0948235678750576,0.004639285393980191,7,4456645400.000,5天3板,放量涨停,33,002305
600236.SH,桂冠电力,7.43,10.074074074,涨停, 13:20:48, 14:50:38,"[{""code"":""600236.SH"",""time"":1752038448000,""openTime"":1752039164000,""duration"":713000,""updatedTime"":1752039164000,""firstVol"":2.4716678E7,""highestVol"":2.4716678E7,""firstVolDivLTGB"":0.003135688065310524,""firstVolDivVol"":0.39287,""highestVolDivLTGB"":0.003135688065310524,""highestVolDivVol"":0.39287},{""code"":""600236.SH"",""time"":1752043544000,""openTime"":1752043557000,""duration"":9000,""updatedTime"":1752043557000,""firstVol"":33901.0,""highestVol"":141289.0,""firstVolDivLTGB"":4.300859569481468E-6,""firstVolDivVol"":3.48E-4,""highestVolDivLTGB"":1.7924667346463737E-5,""highestVolDivVol"":0.00145},{""code"":""600236.SH"",""time"":1752043562000,""openTime"":1752043649000,""duration"":84000,""updatedTime"":1752043649000,""firstVol"":39110.0,""highestVol"":129300.0,""firstVolDivLTGB"":4.961700768780278E-6,""firstVolDivVol"":4.0E-4,""highestVolDivLTGB"":1.6403679606322934E-5,""highestVolDivVol"":0.00132},{""code"":""600236.SH"",""time"":1752043709000,""openTime"":1752043736000,""duration"":24000,""updatedTime"":1752043736000,""firstVol"":71930.0,""highestVol"":103630.0,""firstVolDivLTGB"":9.125418979758768E-6,""firstVolDivVol"":7.3E-4,""highestVolDivLTGB"":1.3147048086645366E-5,""highestVolDivVol"":0.001051},{""code"":""600236.SH"",""time"":1752043796000,""openTime"":1752043799000,""duration"":0,""updatedTime"":1752043799000,""firstVol"":9300.0,""highestVol"":9300.0,""firstVolDivLTGB"":1.1798470250487494E-6,""firstVolDivVol"":9.4E-5,""highestVolDivLTGB"":1.1798470250487494E-6,""highestVolDivVol"":9.4E-5},{""code"":""600236.SH"",""time"":1752043838000,""openTime"":null,""duration"":564000,""updatedTime"":1752046298000,""firstVol"":121200.0,""highestVol"":734556.0,""firstVolDivLTGB"":1.5376070907086927E-5,""firstVolDivVol"":0.001218,""highestVolDivLTGB"":9.318964637975367E-5,""highestVolDivVol"":0.007347}]",1,电力+新能源投资+一季报增长+央企,599146,4451654.78,0.5967507796232715,0.0076010819964500865,5,58566067000.000,首板涨停,放量涨停,17,600236
600518.SH,康美药业,2.11,9.895833333,涨停, 13:14:26, 14:16:35,"[{""code"":""600518.SH"",""time"":1752038066000,""openTime"":1752038150000,""duration"":81000,""updatedTime"":1752038150000,""firstVol"":2.79893319E8,""highestVol"":3.00127866E8,""firstVolDivLTGB"":0.020249326250201604,""firstVolDivVol"":0.425913,""highestVolDivLTGB"":0.021713226657656626,""highestVolDivVol"":0.453729},{""code"":""600518.SH"",""time"":1752038192000,""openTime"":1752038231000,""duration"":36000,""updatedTime"":1752038231000,""firstVol"":1.30537209E8,""highestVol"":1.71460276E8,""firstVolDivLTGB"":0.009443921499361524,""firstVolDivVol"":0.182041,""highestVolDivLTGB"":0.012404565711243763,""highestVolDivVol"":0.237648},{""code"":""600518.SH"",""time"":1752038234000,""openTime"":1752040439000,""duration"":2202000,""updatedTime"":1752040439000,""firstVol"":2.85262E7,""highestVol"":1.456005E8,""firstVolDivLTGB"":0.002063773199525713,""firstVolDivVol"":0.038809,""highestVolDivLTGB"":0.010533699186626454,""highestVolDivVol"":0.197244},{""code"":""600518.SH"",""time"":1752041795000,""openTime"":null,""duration"":2607000,""updatedTime"":1752046289000,""firstVol"":7.414825E7,""highestVol"":1.07026509E8,""firstVolDivLTGB"":0.005364372792090515,""firstVolDivVol"":0.0755,""highestVolDivLTGB"":0.007743002605078753,""highestVolDivVol"":0.108728}]",1,债务解决+互联网医疗+电商扩展,61097184,128915058.24,6.026589201494368,0.4420172715107207,3,29165163000.000,首板涨停,放量涨停,17,600518
600530.SH,交大昂立,9.22,10.023866348,涨停, 10:59:20, 10:59:20,"[{""code"":""600530.SH"",""time"":1752029960000,""openTime"":null,""duration"":9061000,""updatedTime"":1752046271000,""firstVol"":3.28064E7,""highestVol"":3.28064E7,""firstVolDivLTGB"":0.042335208795746655,""firstVolDivVol"":1.176332,""highestVolDivLTGB"":0.042335208795746655,""highestVolDivVol"":1.176332}]",1,保健品+宠物经济+控股权变更,12246538,112913080.36,38.51610381090135,1.5803615857120736,0,7144762400.000,首板涨停,放量涨停,17,600530
605500.SH,森林包装,12.07,10.027347311,涨停, 09:30:40, 09:33:28,"[{""code"":""605500.SH"",""time"":1752024640000,""openTime"":1752024643000,""duration"":0,""updatedTime"":1752024643000,""firstVol"":290789.0,""highestVol"":290789.0,""firstVolDivLTGB"":7.017109073359073E-4,""firstVolDivVol"":0.020434,""highestVolDivLTGB"":7.017109073359073E-4,""highestVolDivVol"":0.020434},{""code"":""605500.SH"",""time"":1752024685000,""openTime"":1752024694000,""duration"":6000,""updatedTime"":1752024694000,""firstVol"":1918329.0,""highestVol"":3103799.0,""firstVolDivLTGB"":0.004629172297297297,""firstVolDivVol"":0.094293,""highestVolDivLTGB"":0.007489862451737452,""highestVolDivVol"":0.150817},{""code"":""605500.SH"",""time"":1752024715000,""openTime"":1752024721000,""duration"":3000,""updatedTime"":1752024721000,""firstVol"":261293.0,""highestVol"":261293.0,""firstVolDivLTGB"":6.305333011583012E-4,""firstVolDivVol"":0.009829,""highestVolDivLTGB"":6.305333011583012E-4,""highestVolDivVol"":0.009829},{""code"":""605500.SH"",""time"":1752024808000,""openTime"":null,""duration"":14226000,""updatedTime"":1752046291000,""firstVol"":347906.0,""highestVol"":1.0299071E7,""firstVolDivLTGB"":8.395415057915058E-4,""firstVolDivVol"":0.01111,""highestVolDivLTGB"":0.02485297055984556,""highestVolDivVol"":0.31449}]",5,纸包装+热电联产+智能制造,5871512,70869149.84,15.920340057660173,1.4168706563706563,3,5001808000.000,5天5板,放量涨停,17,605500
002485.SZ,ST雪发,4.35,5.072463768,涨停, 14:54:42, 14:54:42,"[{""code"":""002485.SZ"",""time"":1752044082000,""openTime"":null,""duration"":318000,""updatedTime"":1752047094000,""firstVol"":295800.0,""highestVol"":892800.0,""firstVolDivLTGB"":5.4375E-4,""firstVolDivVol"":0.030843,""highestVolDivLTGB"":0.0016411764705882353,""highestVolDivVol"":0.093085}]",1,文化旅游+供应链运营管理+ST板块,835300,3633555,8.629508435181782,0.15354779411764707,0,2366400000.000,首板涨停,缩量涨停,33,002485
000720.SZ,新能泰山,4.1,9.919571046,涨停, 09:34:36, 09:51:42,"[{""code"":""000720.SZ"",""time"":1752024876000,""openTime"":1752025275000,""duration"":396000,""updatedTime"":1752025275000,""firstVol"":1.011738E8,""highestVol"":1.011738E8,""firstVolDivLTGB"":0.08051831114715381,""firstVolDivVol"":13.962903,""highestVolDivLTGB"":0.08051831114715381,""highestVolDivVol"":13.962903},{""code"":""000720.SZ"",""time"":1752025902000,""openTime"":null,""duration"":13152000,""updatedTime"":1752047046000,""firstVol"":8.33267E7,""highestVol"":8.70982E7,""firstVolDivLTGB"":0.06631484789012118,""firstVolDivVol"":1.954929,""highestVolDivLTGB"":0.06931636419663029,""highestVolDivVol"":1.994372}]",1,电线电缆+物业管理+一季报扭亏+国企改革,7529600,30871360,14.090268326457458,0.599236833660107,1,5151779400.000,首板涨停,放量涨停,33,000720
301120.SZ,新特电气,14.12,19.966015293,涨停, 10:03:18, 10:08:36,"[{""code"":""301120.SZ"",""time"":1752026598000,""openTime"":1752026820000,""duration"":219000,""updatedTime"":1752026820000,""firstVol"":6.711905E7,""highestVol"":7.20549E7,""firstVolDivLTGB"":0.30701273016663516,""firstVolDivVol"":1.534319,""highestVolDivLTGB"":0.3295900578283495,""highestVolDivVol"":1.577331},{""code"":""301120.SZ"",""time"":1752026916000,""openTime"":null,""duration"":12129000,""updatedTime"":1752047115000,""firstVol"":3.968515E7,""highestVol"":4.533575E7,""firstVolDivLTGB"":0.18152590432332463,""firstVolDivVol"":0.679083,""highestVolDivLTGB"":0.20737260705644717,""highestVolDivVol"":0.756695}]",1,固态变压器+变频用变压器+机器人+数据中心电源,3927334,55453956.08,5.625269028851466,1.7964222282887674,1,3086911000.000,首板涨停,放量涨停,33,301120
001203.SZ,大中矿业,10.84,10.050761421,涨停, 09:30:00, 09:30:00,"[{""code"":""001203.SZ"",""time"":1752024600000,""openTime"":null,""duration"":14409000,""updatedTime"":1752047091000,""firstVol"":6521500.0,""highestVol"":1.74652E7,""firstVolDivLTGB"":0.005045868987873794,""firstVolDivVol"":1.527283,""highestVolDivLTGB"":0.013513319182245404,""highestVolDivVol"":2.976194}]",1,锂矿+铁精粉+提锂技术,8952400,97044016,69.41378521611364,0.6926725067398813,0,14010086000.000,首板涨停,放量涨停,33,001203
002636.SZ,金安国纪,15.09,9.985422741,涨停, 09:25:00, 09:25:00,"[{""code"":""002636.SZ"",""time"":1752024300000,""openTime"":null,""duration"":14496000,""updatedTime"":1752047052000,""firstVol"":4.6725471E7,""highestVol"":4.6725471E7,""firstVolDivLTGB"":0.06450983908851411,""firstVolDivVol"":20.393191,""highestVolDivLTGB"":0.06450983908851411,""highestVolDivVol"":20.393191}]",5,玻璃布+PCB概念+军工电子+子公司股权转让,19631821,296244178.89,274.01985573348367,2.7103966779158037,0,10929919600.000,5天5板,一字涨停||缩量涨停,33,002636
301378.SZ,通达海,35.52,20,涨停, 09:38:24, 09:54:24,"[{""code"":""301378.SZ"",""time"":1752025104000,""openTime"":1752025116000,""duration"":9000,""updatedTime"":1752025116000,""firstVol"":1.68412E7,""highestVol"":1.68412E7,""firstVolDivLTGB"":0.38395782564855696,""firstVolDivVol"":8.025619,""highestVolDivLTGB"":0.38395782564855696,""highestVolDivVol"":8.025619},{""code"":""301378.SZ"",""time"":1752025167000,""openTime"":1752025185000,""duration"":15000,""updatedTime"":1752025185000,""firstVol"":1.559409E7,""highestVol"":1.559409E7,""firstVolDivLTGB"":0.35552531229175505,""firstVolDivVol"":3.693873,""highestVolDivLTGB"":0.35552531229175505,""highestVolDivVol"":3.693873},{""code"":""301378.SZ"",""time"":1752025335000,""openTime"":1752025725000,""duration"":387000,""updatedTime"":1752025725000,""firstVol"":1.204499E7,""highestVol"":1.477445E7,""firstVolDivLTGB"":0.2746103704224528,""firstVolDivVol"":1.4786,""highestVolDivLTGB"":0.33683856834152687,""highestVolDivVol"":1.779979},{""code"":""301378.SZ"",""time"":1752025860000,""openTime"":1752025899000,""duration"":36000,""updatedTime"":1752025899000,""firstVol"":8211130.0,""highestVol"":1.009103E7,""firstVolDivLTGB"":0.18720326466746048,""firstVolDivVol"":0.716487,""highestVolDivLTGB"":0.23006258089413803,""highestVolDivVol"":0.876775},{""code"":""301378.SZ"",""time"":1752026064000,""openTime"":null,""duration"":12993000,""updatedTime"":1752047103000,""firstVol"":7334560.0,""highestVol"":8715870.0,""firstVolDivLTGB"":0.1672185895119635,""firstVolDivVol"":0.583466,""highestVolDivLTGB"":0.1987106912711379,""highestVolDivVol"":0.691941}]",1,法律AI+信创+AI应用+埃及项目,639900,22729248,4.3828421899416545,1.4588901778525971,4,1557982100.000,首板涨停,放量涨停,33,301378
002356.SZ,赫美集团,3.36,10.163934426,涨停, 10:01:36, 10:01:36,"[{""code"":""002356.SZ"",""time"":1752026496000,""openTime"":null,""duration"":12525000,""updatedTime"":1752047079000,""firstVol"":1.521601E8,""highestVol"":1.521601E8,""firstVolDivLTGB"":0.11604162087766026,""firstVolDivVol"":5.438718,""highestVolDivLTGB"":0.11604162087766026,""highestVolDivVol"":5.438718}]",1,氢能源+共享单车+一季度增长,19079380,64106716.8,44.08143593705669,1.455047795408135,0,4405815200.000,首板涨停,放量涨停,33,002356
603778.SH,国晟科技,4.13,10.133333333,涨停, 10:03:47, 10:03:47,"[{""code"":""603778.SH"",""time"":1752026627000,""openTime"":null,""duration"":12399000,""updatedTime"":1752046295000,""firstVol"":7.58466E7,""highestVol"":7.58466E7,""firstVolDivLTGB"":0.11798360015731146,""firstVolDivVol"":1.517004,""highestVolDivLTGB"":0.11798360015731146,""highestVolDivVol"":1.517004}]",1,光伏概念+大额合同+技术储备,6416950,26502003.5,9.579984069961272,0.9981922235531453,0,2655000000.000,首板涨停,放量涨停,17,603778
000989.SZ,九芝堂,11,10,涨停, 10:17:33, 10:17:33,"[{""code"":""000989.SZ"",""time"":1752027453000,""openTime"":null,""duration"":11589000,""updatedTime"":1752047058000,""firstVol"":7.968033E7,""highestVol"":8.26555E7,""firstVolDivLTGB"":0.11478779099119327,""firstVolDivVol"":0.999399,""highestVolDivLTGB"":0.11907383237836208,""highestVolDivVol"":1.020469}]",1,创新药+中药+摘帽+国企改革,8839482,97234302,9.31298400130499,1.2734191892609068,0,7635686900.000,首板涨停,放量涨停,33,000989
688529.SH,豪森智能,21.1,20.022753129,涨停, 14:26:41, 14:26:41,"[{""code"":""688529.SH"",""time"":1752042401000,""openTime"":null,""duration"":2001000,""updatedTime"":1752046316000,""firstVol"":4763035.0,""highestVol"":5452388.0,""firstVolDivLTGB"":0.028321736342412758,""firstVolDivVol"":0.341938,""highestVolDivLTGB"":0.03242073496678803,""highestVolDivVol"":0.38753}]",1,人形机器人+智元合作+汽车行业动力总成+固态电池,1811732,38227545.2,11.176839938658944,1.0772836233013645,0,3548512600.000,首板涨停,放量涨停,17,688529
603081.SH,大丰实业,11.98,10.009182736,涨停, 09:25:01, 09:52:40,"[{""code"":""603081.SH"",""time"":1752024301000,""openTime"":1752025936000,""duration"":1338000,""updatedTime"":1752025936000,""firstVol"":1.6008089E7,""highestVol"":1.8251903E7,""firstVolDivLTGB"":0.036936669202410594,""firstVolDivVol"":3.69462,""highestVolDivLTGB"":0.042113990209917344,""highestVolDivVol"":2.755463},{""code"":""603081.SH"",""time"":1752025940000,""openTime"":1752025957000,""duration"":14000,""updatedTime"":1752025957000,""firstVol"":6181700.0,""highestVol"":6181700.0,""firstVolDivLTGB"":0.014263501908850056,""firstVolDivVol"":0.255126,""highestVolDivLTGB"":0.014263501908850056,""highestVolDivVol"":0.255126},{""code"":""603081.SH"",""time"":1752025960000,""openTime"":null,""duration"":13044000,""updatedTime"":1752046285000,""firstVol"":2610100.0,""highestVol"":1.2126E7,""firstVolDivLTGB"":0.006022480277640379,""firstVolDivVol"":0.102804,""highestVolDivLTGB"":0.027979232920833392,""highestVolDivVol"":0.473683}]",1,人形机器人+智元机器人合作+文体旅场景,5815600,69670888,19.462341276551683,1.3418771810522734,2,5192046600.000,首板涨停,放量涨停,17,603081
002295.SZ,精艺股份,11.04,9.960159363,涨停, 09:30:36, 14:30:39,"[{""code"":""002295.SZ"",""time"":1752024636000,""openTime"":1752024651000,""duration"":12000,""updatedTime"":1752024651000,""firstVol"":2097900.0,""highestVol"":5873700.0,""firstVolDivLTGB"":0.008381743070149505,""firstVolDivVol"":0.192194,""highestVolDivLTGB"":0.02346720256977794,""highestVolDivVol"":0.522546},{""code"":""002295.SZ"",""time"":1752024834000,""openTime"":1752026637000,""duration"":1800000,""updatedTime"":1752026637000,""firstVol"":3747150.0,""highestVol"":1.16711E7,""firstVolDivLTGB"":0.014970994110925551,""firstVolDivVol"":0.166828,""highestVolDivLTGB"":0.04662956363316739,""highestVolDivVol"":0.493282},{""code"":""002295.SZ"",""time"":1752026727000,""openTime"":1752026745000,""duration"":15000,""updatedTime"":1752026745000,""firstVol"":1.25614E7,""highestVol"":1.32469E7,""firstVolDivLTGB"":0.05018658058123646,""firstVolDivVol"":0.387858,""highestVolDivLTGB"":0.05292535977690236,""highestVolDivVol"":0.408646},{""code"":""002295.SZ"",""time"":1752028140000,""openTime"":1752028170000,""duration"":27000,""updatedTime"":1752028170000,""firstVol"":3085770.0,""highestVol"":3085770.0,""firstVolDivLTGB"":0.01232858158805245,""firstVolDivVol"":0.069347,""highestVolDivLTGB"":0.01232858158805245,""highestVolDivVol"":0.069347},{""code"":""002295.SZ"",""time"":1752028185000,""openTime"":1752029055000,""duration"":867000,""updatedTime"":1752029055000,""firstVol"":1421000.0,""highestVol"":4393800.0,""firstVolDivLTGB"":0.0056773234676021,""firstVolDivVol"":0.031365,""highestVolDivLTGB"":0.01755455584232942,""highestVolDivVol"":0.09506},{""code"":""002295.SZ"",""time"":1752029133000,""openTime"":1752029178000,""duration"":42000,""updatedTime"":1752029178000,""firstVol"":69599.0,""highestVol"":120049.0,""firstVolDivLTGB"":2.7806899086674073E-4,""firstVolDivVol"":0.001422,""highestVolDivLTGB"":4.7963195282347957E-4,""highestVolDivVol"":0.002449},{""code"":""002295.SZ"",""time"":1752029232000,""openTime"":1752029244000,""duration"":9000,""updatedTime"":1752029244000,""firstVol"":12099.0,""highestVol"":30199.0,""firstVolDivLTGB"":4.833915315588867E-5,""firstVolDivVol"":2.44E-4,""highestVolDivLTGB"":1.2065411076573949E-4,""highestVolDivVol"":6.1E-4},{""code"":""002295.SZ"",""time"":1752029391000,""openTime"":1752029451000,""duration"":57000,""updatedTime"":1752029451000,""firstVol"":72312.0,""highestVol"":1531812.0,""firstVolDivLTGB"":2.8890824390516754E-4,""firstVolDivVol"":0.001429,""highestVolDivLTGB"":0.006120050820235403,""highestVolDivVol"":0.030248},{""code"":""002295.SZ"",""time"":1752029604000,""openTime"":1752031161000,""duration"":1554000,""updatedTime"":1752031161000,""firstVol"":968312.0,""highestVol"":4000662.0,""firstVolDivLTGB"":0.0038686984106690533,""firstVolDivVol"":0.018518,""highestVolDivLTGB"":0.015983850991234307,""highestVolDivVol"":0.07626},{""code"":""002295.SZ"",""time"":1752031263000,""openTime"":1752038247000,""duration"":1635000,""updatedTime"":1752038247000,""firstVol"":261600.0,""highestVol"":2645800.0,""firstVolDivLTGB"":0.0010451708790462416,""firstVolDivVol"":0.004685,""highestVolDivLTGB"":0.010570768775919519,""highestVolDivVol"":0.047296},{""code"":""002295.SZ"",""time"":1752038499000,""openTime"":1752038625000,""duration"":123000,""updatedTime"":1752038625000,""firstVol"":36600.0,""highestVol"":226982.0,""firstVolDivLTGB"":1.4622803582986407E-4,""firstVolDivVol"":6.16E-4,""highestVolDivLTGB"":9.068615308397324E-4,""highestVolDivVol"":0.003812},{""code"":""002295.SZ"",""time"":1752038637000,""openTime"":1752039291000,""duration"":651000,""updatedTime"":1752039291000,""firstVol"":54700.0,""highestVol"":1306600.0,""firstVolDivLTGB"":2.185429934397149E-4,""firstVolDivVol"":9.16E-4,""highestVolDivLTGB"":0.00522026097309564,""highestVolDivVol"":0.021789},{""code"":""002295.SZ"",""time"":1752039300000,""openTime"":1752039303000,""duration"":0,""updatedTime"":1752039303000,""firstVol"":10400.0,""highestVol"":10400.0,""firstVolDivLTGB"":4.1551135864223676E-5,""firstVolDivVol"":1.72E-4,""highestVolDivLTGB"":4.1551135864223676E-5,""highestVolDivVol"":1.72E-4},{""code"":""002295.SZ"",""time"":1752039306000,""openTime"":1752039315000,""duration"":6000,""updatedTime"":1752039315000,""firstVol"":6600.0,""highestVol"":9300.0,""firstVolDivLTGB"":2.6368990067680406E-5,""firstVolDivVol"":1.09E-4,""highestVolDivLTGB"":3.715630418627694E-5,""highestVolDivVol"":1.54E-4},{""code"":""002295.SZ"",""time"":1752039318000,""openTime"":1752039453000,""duration"":132000,""updatedTime"":1752039453000,""firstVol"":6900.0,""highestVol"":37600.0,""firstVolDivLTGB"":2.7567580525302243E-5,""firstVolDivVol"":1.14E-4,""highestVolDivLTGB"":1.502233373552702E-4,""highestVolDivVol"":6.2E-4},{""code"":""002295.SZ"",""time"":1752039471000,""openTime"":1752039474000,""duration"":0,""updatedTime"":1752039474000,""firstVol"":2100.0,""highestVol"":2100.0,""firstVolDivLTGB"":8.390133203352858E-6,""firstVolDivVol"":3.5E-5,""highestVolDivLTGB"":8.390133203352858E-6,""highestVolDivVol"":3.5E-5},{""code"":""002295.SZ"",""time"":1752039495000,""openTime"":1752039525000,""duration"":27000,""updatedTime"":1752039525000,""firstVol"":5600.0,""highestVol"":28200.0,""firstVolDivLTGB"":2.2373688542274287E-5,""firstVolDivVol"":9.2E-5,""highestVolDivLTGB"":1.1266750301645265E-4,""highestVolDivVol"":4.64E-4},{""code"":""002295.SZ"",""time"":1752039552000,""openTime"":1752039558000,""duration"":3000,""updatedTime"":1752039558000,""firstVol"":1300.0,""highestVol"":4800.0,""firstVolDivLTGB"":5.1938919830279595E-6,""firstVolDivVol"":2.1E-5,""highestVolDivLTGB"":1.917744732194939E-5,""highestVolDivVol"":7.9E-5},{""code"":""002295.SZ"",""time"":1752039570000,""openTime"":1752039618000,""duration"":45000,""updatedTime"":1752039618000,""firstVol"":12600.0,""highestVol"":26500.0,""firstVolDivLTGB"":5.034079922011714E-5,""firstVolDivVol"":2.07E-4,""highestVolDivLTGB"":1.0587549042326225E-4,""highestVolDivVol"":4.35E-4},{""code"":""002295.SZ"",""time"":1752039648000,""openTime"":1752040377000,""duration"":726000,""updatedTime"":1752040377000,""firstVol"":14800.0,""highestVol"":1558831.0,""firstVolDivLTGB"":5.913046257601061E-5,""firstVolDivVol"":2.43E-4,""highestVolDivLTGB"":0.006227999872150351,""highestVolDivVol"":0.025486},{""code"":""002295.SZ"",""time"":1752040428000,""openTime"":1752040437000,""duration"":6000,""updatedTime"":1752040437000,""firstVol"":15900.0,""highestVol"":17700.0,""firstVolDivLTGB"":6.352529425395734E-5,""firstVolDivVol"":2.57E-4,""highestVolDivLTGB"":7.071683699968837E-5,""highestVolDivVol"":2.86E-4},{""code"":""002295.SZ"",""time"":1752040446000,""openTime"":1752040470000,""duration"":21000,""updatedTime"":1752040470000,""firstVol"":5600.0,""highestVol"":21000.0,""firstVolDivLTGB"":2.2373688542274287E-5,""firstVolDivVol"":9.0E-5,""highestVolDivLTGB"":8.390133203352857E-5,""highestVolDivVol"":3.39E-4},{""code"":""002295.SZ"",""time"":1752040479000,""openTime"":1752040488000,""duration"":6000,""updatedTime"":1752040488000,""firstVol"":2600.0,""highestVol"":3700.0,""firstVolDivLTGB"":1.0387783966055919E-5,""firstVolDivVol"":4.2E-5,""highestVolDivLTGB"":1.4782615644002652E-5,""highestVolDivVol"":6.0E-5},{""code"":""002295.SZ"",""time"":1752040617000,""openTime"":1752040650000,""duration"":30000,""updatedTime"":1752040650000,""firstVol"":32500.0,""highestVol"":53400.0,""firstVolDivLTGB"":1.2984729957569898E-4,""firstVolDivVol"":5.22E-4,""highestVolDivLTGB"":2.1334910145668693E-4,""highestVolDivVol"":8.57E-4},{""code"":""002295.SZ"",""time"":1752040761000,""openTime"":1752040794000,""duration"":30000,""updatedTime"":1752040794000,""firstVol"":37150.0,""highestVol"":63050.0,""firstVolDivLTGB"":1.4842545166883744E-4,""firstVolDivVol"":5.93E-4,""highestVolDivLTGB"":2.51903761176856E-4,""highestVolDivVol"":0.001007},{""code"":""002295.SZ"",""time"":1752040866000,""openTime"":1752040869000,""duration"":0,""updatedTime"":1752040869000,""firstVol"":6150.0,""highestVol"":6150.0,""firstVolDivLTGB"":2.4571104381247653E-5,""firstVolDivVol"":9.8E-5,""highestVolDivLTGB"":2.4571104381247653E-5,""highestVolDivVol"":9.8E-5},{""code"":""002295.SZ"",""time"":1752040878000,""openTime"":1752040893000,""duration"":12000,""updatedTime"":1752040893000,""firstVol"":3400.0,""highestVol"":7300.0,""firstVolDivLTGB"":1.3584025186380815E-5,""firstVolDivVol"":5.4E-5,""highestVolDivLTGB"":2.9165701135464692E-5,""highestVolDivVol"":1.16E-4},{""code"":""002295.SZ"",""time"":1752040908000,""openTime"":1752040956000,""duration"":45000,""updatedTime"":1752040956000,""firstVol"":39600.0,""highestVol"":174000.0,""firstVolDivLTGB"":1.5821394040608244E-4,""firstVolDivVol"":6.3E-4,""highestVolDivLTGB"":6.951824654206653E-4,""highestVolDivVol"":0.002768},{""code"":""002295.SZ"",""time"":1752041040000,""openTime"":1752041070000,""duration"":27000,""updatedTime"":1752041070000,""firstVol"":16300.0,""highestVol"":64250.0,""firstVolDivLTGB"":6.512341486411979E-5,""firstVolDivVol"":2.58E-4,""highestVolDivLTGB"":2.566981230073434E-4,""highestVolDivVol"":0.001017},{""code"":""002295.SZ"",""time"":1752041109000,""openTime"":1752041145000,""duration"":33000,""updatedTime"":1752041145000,""firstVol"":450.0,""highestVol"":41250.0,""firstVolDivLTGB"":1.797885686432755E-6,""firstVolDivVol"":7.0E-6,""highestVolDivLTGB"":1.6480618792300255E-4,""highestVolDivVol"":6.51E-4},{""code"":""002295.SZ"",""time"":1752041169000,""openTime"":1752041208000,""duration"":36000,""updatedTime"":1752041208000,""firstVol"":21200.0,""highestVol"":35700.0,""firstVolDivLTGB"":8.47003923386098E-5,""firstVolDivVol"":3.34E-4,""highestVolDivLTGB"":1.4263226445699858E-4,""highestVolDivVol"":5.63E-4},{""code"":""002295.SZ"",""time"":1752041337000,""openTime"":1752041358000,""duration"":18000,""updatedTime"":1752041358000,""firstVol"":1600.0,""highestVol"":72500.0,""firstVolDivLTGB"":6.3924824406497954E-6,""firstVolDivVol"":2.5E-5,""highestVolDivLTGB"":2.896593605919439E-4,""highestVolDivVol"":0.001138},{""code"":""002295.SZ"",""time"":1752041364000,""openTime"":1752041400000,""duration"":33000,""updatedTime"":1752041400000,""firstVol"":8600.0,""highestVol"":46400.0,""firstVolDivLTGB"":3.4359593118492655E-5,""firstVolDivVol"":1.35E-4,""highestVolDivLTGB"":1.853819907788441E-4,""highestVolDivVol"":7.28E-4},{""code"":""002295.SZ"",""time"":1752041409000,""openTime"":1752041421000,""duration"":9000,""updatedTime"":1752041421000,""firstVol"":27900.0,""highestVol"":31400.0,""firstVolDivLTGB"":1.1146891255883081E-4,""firstVolDivVol"":4.37E-4,""highestVolDivLTGB"":1.2545246789775225E-4,""highestVolDivVol"":4.92E-4},{""code"":""002295.SZ"",""time"":1752041562000,""openTime"":1752041577000,""duration"":12000,""updatedTime"":1752041577000,""firstVol"":100.0,""highestVol"":11100.0,""firstVolDivLTGB"":3.995301525406122E-7,""firstVolDivVol"":2.0E-6,""highestVolDivLTGB"":4.434784693200796E-5,""highestVolDivVol"":1.73E-4},{""code"":""002295.SZ"",""time"":1752041706000,""openTime"":1752041715000,""duration"":6000,""updatedTime"":1752041715000,""firstVol"":69800.0,""highestVol"":69800.0,""firstVolDivLTGB"":2.7887204647334736E-4,""firstVolDivVol"":0.001083,""highestVolDivLTGB"":2.7887204647334736E-4,""highestVolDivVol"":0.001083},{""code"":""002295.SZ"",""time"":1752041934000,""openTime"":1752041943000,""duration"":6000,""updatedTime"":1752041943000,""firstVol"":9900.0,""highestVol"":9900.0,""firstVolDivLTGB"":3.955348510152061E-5,""firstVolDivVol"":1.52E-4,""highestVolDivLTGB"":3.955348510152061E-5,""highestVolDivVol"":1.52E-4},{""code"":""002295.SZ"",""time"":1752042030000,""openTime"":1752042060000,""duration"":27000,""updatedTime"":1752042060000,""firstVol"":19900.0,""highestVol"":51300.0,""firstVolDivLTGB"":7.950650035558183E-5,""firstVolDivVol"":3.05E-4,""highestVolDivLTGB"":2.0495896825333408E-4,""highestVolDivVol"":7.87E-4},{""code"":""002295.SZ"",""time"":1752042087000,""openTime"":1752042147000,""duration"":57000,""updatedTime"":1752042147000,""firstVol"":88300.0,""highestVol"":695500.0,""firstVolDivLTGB"":3.527851246933606E-4,""firstVolDivVol"":0.001352,""highestVolDivLTGB"":0.002778732210919958,""highestVolDivVol"":0.010646},{""code"":""002295.SZ"",""time"":1752042213000,""openTime"":1752042267000,""duration"":51000,""updatedTime"":1752042267000,""firstVol"":10700.0,""highestVol"":53600.0,""firstVolDivLTGB"":4.274972632184551E-5,""firstVolDivVol"":1.63E-4,""highestVolDivLTGB"":2.1414816176176815E-4,""highestVolDivVol"":8.17E-4},{""code"":""002295.SZ"",""time"":1752042270000,""openTime"":1752042546000,""duration"":273000,""updatedTime"":1752042546000,""firstVol"":3200.0,""highestVol"":1232300.0,""firstVolDivLTGB"":1.2784964881299591E-5,""firstVolDivVol"":4.9E-5,""highestVolDivLTGB"":0.004923410069757965,""highestVolDivVol"":0.018746},{""code"":""002295.SZ"",""time"":1752042612000,""openTime"":1752042624000,""duration"":9000,""updatedTime"":1752042624000,""firstVol"":7000.0,""highestVol"":10900.0,""firstVolDivLTGB"":2.7967110677842855E-5,""firstVolDivVol"":1.05E-4,""highestVolDivLTGB"":4.3548786626926734E-5,""highestVolDivVol"":1.64E-4},{""code"":""002295.SZ"",""time"":1752042639000,""openTime"":null,""duration"":1761000,""updatedTime"":1752047046000,""firstVol"":7400.0,""highestVol"":1178400.0,""firstVolDivLTGB"":2.9565231288005304E-5,""firstVolDivVol"":1.11E-4,""highestVolDivLTGB"":0.004708063317538575,""highestVolDivVol"":0.01755}]",2,金属铜+新材料研发+一季报增长,1142400,12612096,1.7000313443279111,0.45642324626239544,42,2763245800.000,6天4板,放量涨停,33,002295
003015.SZ,日久光电,19.17,9.982788296,涨停, 10:17:27, 14:39:18,"[{""code"":""003015.SZ"",""time"":1752027447000,""openTime"":1752042969000,""duration"":10161000,""updatedTime"":1752042969000,""firstVol"":4.270385E7,""highestVol"":4.46961E7,""firstVolDivLTGB"":0.17260936921967374,""firstVolDivVol"":0.982808,""highestVolDivLTGB"":0.18066206273156774,""highestVolDivVol"":1.014887},{""code"":""003015.SZ"",""time"":1752042999000,""openTime"":1752043023000,""duration"":21000,""updatedTime"":1752043023000,""firstVol"":7493256.0,""highestVol"":7936656.0,""firstVolDivLTGB"":0.030287812259586325,""firstVolDivVol"":0.139315,""highestVolDivLTGB"":0.03208003929091964,""highestVolDivVol"":0.147386},{""code"":""003015.SZ"",""time"":1752043056000,""openTime"":1752043137000,""duration"":78000,""updatedTime"":1752043137000,""firstVol"":911100.0,""highestVol"":4777800.0,""firstVolDivLTGB"":0.003682674894559735,""firstVolDivVol"":0.01625,""highestVolDivLTGB"":0.01931191319419109,""highestVolDivVol"":0.084883},{""code"":""003015.SZ"",""time"":1752043158000,""openTime"":null,""duration"":1242000,""updatedTime"":1752047058000,""firstVol"":7355100.0,""highestVol"":8729300.0,""firstVolDivLTGB"":0.02972938438917386,""firstVolDivVol"":0.126805,""highestVolDivLTGB"":0.035283913903062555,""highestVolDivVol"":0.14989}]",1,功能性膜+调光导电膜+光学膜+业绩增长,3283500,62944695,5.481856249518136,1.3271938334197002,3,4742690400.000,首板涨停,放量涨停,33,003015
688585.SH,上纬新材,9.34,20.051413882,涨停, 09:25:01, 09:25:01,"[{""code"":""688585.SH"",""time"":1752024301000,""openTime"":null,""duration"":14415000,""updatedTime"":1752046312000,""firstVol"":4.11365059E8,""highestVol"":4.11365059E8,""firstVolDivLTGB"":1.0198415725747783,""firstVolDivVol"":1447.647844,""highestVolDivLTGB"":1.0198415725747783,""highestVolDivVol"":1447.647844}]",1,智元机器人核心团队持股平台拟入主上纬新材,163610989,1528126637.26,14303.072681130217,40.561852462115596,0,3767398500.000,首板涨停,一字涨停||缩量涨停,17,688585
000691.SZ,*ST亚太,4.82,5.010893246,涨停, 14:56:27, 14:56:27,"[{""code"":""000691.SZ"",""time"":1752044187000,""openTime"":null,""duration"":213000,""updatedTime"":1752047082000,""firstVol"":160500.0,""highestVol"":1374100.0,""firstVolDivLTGB"":4.964890030005878E-4,""firstVolDivVol"":0.007557,""highestVolDivLTGB"":0.004250626411358926,""highestVolDivVol"":0.0639}]",3,ST板块+精细化工,1374100,6623162,6.389960289333459,0.42506264113589254,0,1558161400.000,3天2板,放量涨停,33,000691
002289.SZ,*ST宇顺,17.44,4.996989765,涨停, 09:33:39, 09:33:39,"[{""code"":""002289.SZ"",""time"":1752024819000,""openTime"":null,""duration"":14184000,""updatedTime"":1752047097000,""firstVol"":302200.0,""highestVol"":1057700.0,""firstVolDivLTGB"":0.0010794640841599351,""firstVolDivVol"":0.245083,""highestVolDivLTGB"":0.0037781242945597727,""highestVolDivVol"":0.736688}]",2,筹划重大资产重组+面板+一季报扭亏,805248,14043525.12,46.95044376369452,0.28763610021231617,0,4882393100.000,68天36板,缩量涨停,33,002289
300860.SZ,锋尚文化,33.5,19.985673352,涨停, 13:00:36, 13:00:36,"[{""code"":""300860.SZ"",""time"":1752037236000,""openTime"":null,""duration"":7164000,""updatedTime"":1752047115000,""firstVol"":3.02131E7,""highestVol"":3.544964E7,""firstVolDivLTGB"":0.27000685600483637,""firstVolDivVol"":2.875967,""highestVolDivLTGB"":0.31680449351120166,""highestVolDivVol"":3.300702}]",1,此前与“周同学”合作+虚拟演艺+IP经济,3159814,105853769,18.684742577980426,2.8238460922582127,0,3748567200.000,首板涨停,放量涨停,33,300860
603389.SH,*ST亚振,18.68,5.002810568,涨停, 09:30:34, 13:00:07,"[{""code"":""603389.SH"",""time"":1752024634000,""openTime"":1752024907000,""duration"":270000,""updatedTime"":1752024907000,""firstVol"":19480.0,""highestVol"":1523700.0,""firstVolDivLTGB"":7.413835099257095E-5,""firstVolDivVol"":0.014675,""highestVolDivLTGB"":0.00579900438436244,""highestVolDivVol"":0.93847},{""code"":""603389.SH"",""time"":1752024967000,""openTime"":1752025000000,""duration"":30000,""updatedTime"":1752025000000,""firstVol"":18800.0,""highestVol"":528000.0,""firstVolDivLTGB"":7.155035927414444E-5,""firstVolDivVol"":0.005263,""highestVolDivLTGB"":0.002009499451954695,""highestVolDivVol"":0.139213},{""code"":""603389.SH"",""time"":1752027205000,""openTime"":1752027283000,""duration"":75000,""updatedTime"":1752027283000,""firstVol"":18060.0,""highestVol"":40760.0,""firstVolDivLTGB"":6.873401534526854E-5,""firstVolDivVol"":0.002135,""highestVolDivLTGB"":1.551272682986238E-4,""highestVolDivVol"":0.004818},{""code"":""603389.SH"",""time"":1752027292000,""openTime"":1752027304000,""duration"":9000,""updatedTime"":1752027304000,""firstVol"":21880.0,""highestVol"":21880.0,""firstVolDivLTGB"":8.327243941054683E-5,""firstVolDivVol"":0.002572,""highestVolDivLTGB"":8.327243941054683E-5,""highestVolDivVol"":0.002572},{""code"":""603389.SH"",""time"":1752027307000,""openTime"":1752027310000,""duration"":0,""updatedTime"":1752027310000,""firstVol"":100.0,""highestVol"":100.0,""firstVolDivLTGB"":3.805870174156619E-7,""firstVolDivVol"":1.2E-5,""highestVolDivLTGB"":3.805870174156619E-7,""highestVolDivVol"":1.2E-5},{""code"":""603389.SH"",""time"":1752027364000,""openTime"":1752030406000,""duration"":3039000,""updatedTime"":1752030406000,""firstVol"":1460.0,""highestVol"":761920.0,""firstVolDivLTGB"":5.556570454268664E-6,""firstVolDivVol"":1.7E-4,""highestVolDivLTGB"":0.002899768603093411,""highestVolDivVol"":0.088251},{""code"":""603389.SH"",""time"":1752030505000,""openTime"":1752030520000,""duration"":12000,""updatedTime"":1752030520000,""firstVol"":5600.0,""highestVol"":5600.0,""firstVolDivLTGB"":2.1312872975277067E-5,""firstVolDivVol"":5.96E-4,""highestVolDivLTGB"":2.1312872975277067E-5,""highestVolDivVol"":5.96E-4},{""code"":""603389.SH"",""time"":1752030667000,""openTime"":1752030676000,""duration"":6000,""updatedTime"":1752030676000,""firstVol"":7540.0,""highestVol"":10240.0,""firstVolDivLTGB"":2.869626111314091E-5,""firstVolDivVol"":7.93E-4,""highestVolDivLTGB"":3.897211058336378E-5,""highestVolDivVol"":0.001077},{""code"":""603389.SH"",""time"":1752030697000,""openTime"":1752030772000,""duration"":72000,""updatedTime"":1752030772000,""firstVol"":1780.0,""highestVol"":13280.0,""firstVolDivLTGB"":6.7744489099987825E-6,""firstVolDivVol"":1.87E-4,""highestVolDivLTGB"":5.05419559127999E-5,""highestVolDivVol"":0.001393},{""code"":""603389.SH"",""time"":1752030820000,""openTime"":1752030826000,""duration"":3000,""updatedTime"":1752030826000,""firstVol"":2300.0,""highestVol"":2800.0,""firstVolDivLTGB"":8.753501400560223E-6,""firstVolDivVol"":2.4E-4,""highestVolDivLTGB"":1.0656436487638533E-5,""highestVolDivVol"":2.93E-4},{""code"":""603389.SH"",""time"":1752030958000,""openTime"":1752031186000,""duration"":225000,""updatedTime"":1752031186000,""firstVol"":1400.0,""highestVol"":313900.0,""firstVolDivLTGB"":5.328218243819267E-6,""firstVolDivVol"":1.45E-4,""highestVolDivLTGB"":0.0011946626476677627,""highestVolDivVol"":0.032612},{""code"":""603389.SH"",""time"":1752031228000,""openTime"":1752031231000,""duration"":0,""updatedTime"":1752031231000,""firstVol"":7100.0,""highestVol"":7100.0,""firstVolDivLTGB"":2.7021678236511998E-5,""firstVolDivVol"":7.15E-4,""highestVolDivLTGB"":2.7021678236511998E-5,""highestVolDivVol"":7.15E-4},{""code"":""603389.SH"",""time"":1752037207000,""openTime"":null,""duration"":7197000,""updatedTime"":1752046279000,""firstVol"":41960.0,""highestVol"":444600.0,""firstVolDivLTGB"":1.5969431250761174E-4,""firstVolDivVol"":0.004065,""highestVolDivLTGB"":0.0016920898794300328,""highestVolDivVol"":0.041737}]",1,控制权变更+要约收购+家居制造,340880,6367638.4,3.1796312567975713,0.12973450249665083,12,4908207400.000,46天25板,放量涨停,22,603389
002212.SZ,天融信,8.47,10,涨停, 13:09:54, 14:47:03,"[{""code"":""002212.SZ"",""time"":1752037794000,""openTime"":1752043377000,""duration"":5580000,""updatedTime"":1752043377000,""firstVol"":1.3004678E8,""highestVol"":1.3974588E8,""firstVolDivLTGB"":0.11140084776713675,""firstVolDivVol"":1.46375,""highestVolDivLTGB"":0.11970930386715119,""highestVolDivVol"":1.549916},{""code"":""002212.SZ"",""time"":1752043548000,""openTime"":1752043557000,""duration"":6000,""updatedTime"":1752043557000,""firstVol"":2.18417E7,""highestVol"":2.18417E7,""firstVolDivLTGB"":0.018710066459742186,""firstVolDivVol"":0.172759,""highestVolDivLTGB"":0.018710066459742186,""highestVolDivVol"":0.172759},{""code"":""002212.SZ"",""time"":1752043623000,""openTime"":null,""duration"":777000,""updatedTime"":1752047055000,""firstVol"":1.37574E7,""highestVol"":1.89323E7,""firstVolDivLTGB"":0.011784882509752315,""firstVolDivVol"":0.104574,""highestVolDivLTGB"":0.016217812314782136,""highestVolDivVol"":0.143471}]",1,数字货币+AI安全+智算一体机+信创,4076800,34530496,2.8592773759958163,0.3492273904644645,2,9887682600.000,首板涨停,放量涨停,33,002212
002342.SZ,巨力索具,8.04,9.986320109,涨停, 10:02:51, 14:50:24,"[{""code"":""002342.SZ"",""time"":1752026571000,""openTime"":1752026595000,""duration"":21000,""updatedTime"":1752026595000,""firstVol"":8.4883E7,""highestVol"":9.2275706E7,""firstVolDivLTGB"":0.0889115838649195,""firstVolDivVol"":0.448279,""highestVolDivLTGB"":0.09665515088667526,""highestVolDivVol"":0.48216},{""code"":""002342.SZ"",""time"":1752026601000,""openTime"":1752026616000,""duration"":12000,""updatedTime"":1752026616000,""firstVol"":1.1848E7,""highestVol"":5.06875E7,""firstVolDivLTGB"":0.0124103112004944,""firstVolDivVol"":0.057048,""highestVolDivLTGB"":0.05309315065623396,""highestVolDivVol"":0.243277},{""code"":""002342.SZ"",""time"":1752026634000,""openTime"":1752026649000,""duration"":12000,""updatedTime"":1752026649000,""firstVol"":4.99776E7,""highestVol"":5.80551E7,""firstVolDivLTGB"":0.052349558495427835,""firstVolDivVol"":0.227074,""highestVolDivLTGB"":0.06081042013637935,""highestVolDivVol"":0.262311},{""code"":""002342.SZ"",""time"":1752026676000,""openTime"":1752027750000,""duration"":1071000,""updatedTime"":1752027750000,""firstVol"":4.11749E7,""highestVol"":5.8167E7,""firstVolDivLTGB"":0.04312907854905781,""firstVolDivVol"":0.177713,""highestVolDivLTGB"":0.060927630958740535,""highestVolDivVol"":0.248862},{""code"":""002342.SZ"",""time"":1752027810000,""openTime"":1752027822000,""duration"":9000,""updatedTime"":1752027822000,""firstVol"":728800.0,""highestVol"":4246300.0,""firstVolDivLTGB"":7.633891629743687E-4,""firstVolDivVol"":0.002779,""highestVolDivLTGB"":0.004447831233175167,""highestVolDivVol"":0.016176},{""code"":""002342.SZ"",""time"":1752027924000,""openTime"":1752027954000,""duration"":27000,""updatedTime"":1752027954000,""firstVol"":1.09986E7,""highestVol"":2.14551E7,""firstVolDivLTGB"":0.011520598309398862,""firstVolDivVol"":0.040318,""highestVolDivLTGB"":0.02247336831851177,""highestVolDivVol"":0.078486},{""code"":""002342.SZ"",""time"":1752027975000,""openTime"":1752029181000,""duration"":1203000,""updatedTime"":1752029181000,""firstVol"":2803500.0,""highestVol"":3.86607E7,""firstVolDivLTGB"":0.002936555321622726,""firstVolDivVol"":0.01003,""highestVolDivLTGB"":0.040495553530465384,""highestVolDivVol"":0.137171},{""code"":""002342.SZ"",""time"":1752029403000,""openTime"":1752029877000,""duration"":471000,""updatedTime"":1752029877000,""firstVol"":1.19858E7,""highestVol"":2.34333E7,""firstVolDivLTGB"":0.012554651248049106,""firstVolDivVol"":0.039961,""highestVolDivLTGB"":0.024545454545454544,""highestVolDivVol"":0.077887},{""code"":""002342.SZ"",""time"":1752029934000,""openTime"":1752029952000,""duration"":15000,""updatedTime"":1752029952000,""firstVol"":29400.0,""highestVol"":186400.0,""firstVolDivLTGB"":3.079533670615592E-5,""firstVolDivVol"":9.6E-5,""highestVolDivLTGB"":1.952466245587573E-4,""highestVolDivVol"":6.07E-4},{""code"":""002342.SZ"",""time"":1752031800000,""openTime"":1752043302000,""duration"":6126000,""updatedTime"":1752043302000,""firstVol"":546000.0,""highestVol"":1.60533E7,""firstVolDivLTGB"":5.719133959714672E-4,""firstVolDivVol"":0.001615,""highestVolDivLTGB"":0.0168151965559501,""highestVolDivVol"":0.047156},{""code"":""002342.SZ"",""time"":1752043392000,""openTime"":1752043413000,""duration"":18000,""updatedTime"":1752043413000,""firstVol"":399900.0,""highestVol"":1073600.0,""firstVolDivLTGB"":4.188794268296515E-4,""firstVolDivVol"":0.001123,""highestVolDivLTGB"":0.0011245535199907823,""highestVolDivVol"":0.003013},{""code"":""002342.SZ"",""time"":1752043482000,""openTime"":1752043506000,""duration"":21000,""updatedTime"":1752043506000,""firstVol"":133900.0,""highestVol"":272800.0,""firstVolDivLTGB"":1.4025495186919314E-4,""firstVolDivVol"":3.73E-4,""highestVolDivLTGB"":2.8574720589929716E-4,""highestVolDivVol"":7.59E-4},{""code"":""002342.SZ"",""time"":1752043551000,""openTime"":1752043557000,""duration"":3000,""updatedTime"":1752043557000,""firstVol"":42400.0,""highestVol"":210900.0,""firstVolDivLTGB"":4.441232232452419E-5,""firstVolDivVol"":1.17E-4,""highestVolDivLTGB"":2.2090940514722058E-4,""highestVolDivVol"":5.84E-4},{""code"":""002342.SZ"",""time"":1752043596000,""openTime"":1752043758000,""duration"":159000,""updatedTime"":1752043758000,""firstVol"":8700.0,""highestVol"":3738100.0,""firstVolDivLTGB"":9.112905759984917E-6,""firstVolDivVol"":2.4E-5,""highestVolDivLTGB"":0.003915511841540186,""highestVolDivVol"":0.010314},{""code"":""002342.SZ"",""time"":1752043824000,""openTime"":null,""duration"":576000,""updatedTime"":1752047073000,""firstVol"":63800.0,""highestVol"":3298100.0,""firstVolDivLTGB"":6.682797557322273E-5,""firstVolDivVol"":1.74E-4,""highestVolDivLTGB"":0.003454629251380029,""highestVolDivVol"":0.008975}]",1,海工装备+沙特合同+一季报增长,3298100,26516724,0.8975176171950889,0.3454629251380029,14,7675707600.000,首板涨停,放量涨停,33,002342
301217.SZ,铜冠铜箔,20.26,20.023696682,涨停, 10:32:06, 14:50:15,"[{""code"":""301217.SZ"",""time"":1752028326000,""openTime"":1752030558000,""duration"":2229000,""updatedTime"":1752030558000,""firstVol"":3.5338353E7,""highestVol"":4.5030194E7,""firstVolDivLTGB"":0.1543054780596028,""firstVolDivVol"":0.479453,""highestVolDivLTGB"":0.19662505528445703,""highestVolDivVol"":0.601717},{""code"":""301217.SZ"",""time"":1752039243000,""openTime"":1752039306000,""duration"":60000,""updatedTime"":1752039306000,""firstVol"":1277857.0,""highestVol"":5251457.0,""firstVolDivLTGB"":0.005579782829064214,""firstVolDivVol"":0.012794,""highestVolDivLTGB"":0.02293057016252137,""highestVolDivVol"":0.052529},{""code"":""301217.SZ"",""time"":1752043740000,""openTime"":1752043770000,""duration"":27000,""updatedTime"":1752043770000,""firstVol"":194018.0,""highestVol"":213518.0,""firstVolDivLTGB"":8.471826698365941E-4,""firstVolDivVol"":0.00178,""highestVolDivLTGB"":9.323297286755348E-4,""highestVolDivVol"":0.001958},{""code"":""301217.SZ"",""time"":1752043779000,""openTime"":1752043782000,""duration"":0,""updatedTime"":1752043782000,""firstVol"":100.0,""highestVol"":100.0,""firstVolDivLTGB"":4.366515837894392E-7,""firstVolDivVol"":1.0E-6,""highestVolDivLTGB"":4.366515837894392E-7,""highestVolDivVol"":1.0E-6},{""code"":""301217.SZ"",""time"":1752043785000,""openTime"":1752043788000,""duration"":0,""updatedTime"":1752043788000,""firstVol"":2000.0,""highestVol"":2000.0,""firstVolDivLTGB"":8.733031675788783E-6,""firstVolDivVol"":1.8E-5,""highestVolDivLTGB"":8.733031675788783E-6,""highestVolDivVol"":1.8E-5},{""code"":""301217.SZ"",""time"":1752043815000,""openTime"":null,""duration"":585000,""updatedTime"":1752047115000,""firstVol"":20500.0,""highestVol"":730000.0,""firstVolDivLTGB"":8.951357467683503E-5,""firstVolDivVol"":1.87E-4,""highestVolDivLTGB"":0.003187556561662906,""highestVolDivVol"":0.006655}]",1,高频高速铜箔+固态电池+一季报扭亏+国企改革,411545,8337901.7,0.3728925977713754,0.17970177605062476,5,4639854900.000,首板涨停,放量涨停,33,301217
600744.SH,华银电力,8.11,10.040705563,涨停, 09:35:43, 09:45:52,"[{""code"":""600744.SH"",""time"":1752024943000,""openTime"":1752025000000,""duration"":54000,""updatedTime"":1752025000000,""firstVol"":450000.0,""highestVol"":2.26976E7,""firstVolDivLTGB"":2.215521747045991E-4,""firstVolDivVol"":0.003098,""highestVolDivLTGB"":0.011174894756833574,""highestVolDivVol"":0.155092},{""code"":""600744.SH"",""time"":1752025552000,""openTime"":null,""duration"":13467000,""updatedTime"":1752046273000,""firstVol"":1.4014164E7,""highestVol"":3.5574764E7,""firstVolDivLTGB"":0.006899707801926452,""firstVolDivVol"":0.065821,""highestVolDivLTGB"":0.017514814064006404,""highestVolDivVol"":0.165639}]",5,中报预增+电力+新能源+国企改革,23812316,193117882.76,10.67288242213666,1.1723711987895824,1,16472418000.000,7天6板,放量涨停,17,600744
605018.SH,长华集团,13.45,9.975470155,涨停, 09:25:03, 09:56:36,"[{""code"":""605018.SH"",""time"":1752024303000,""openTime"":1752026178000,""duration"":1581000,""updatedTime"":1752026178000,""firstVol"":1.96064E7,""highestVol"":1.96064E7,""firstVolDivLTGB"":0.0417099059152343,""firstVolDivVol"":11.085204,""highestVolDivLTGB"":0.0417099059152343,""highestVolDivVol"":11.085204},{""code"":""605018.SH"",""time"":1752026196000,""openTime"":null,""duration"":12804000,""updatedTime"":1752046284000,""firstVol"":1.8294155E7,""highestVol"":1.9565855E7,""firstVolDivLTGB"":0.03891828606213854,""firstVolDivVol"":0.981851,""highestVolDivLTGB"":0.0416236520320465,""highestVolDivVol"":1.040703}]",1,人形机器人+定点开发+飞行汽车,4743800,63804110,19.53973418415493,1.0091778790634103,1,6322384900.000,首板涨停,放量涨停,17,605018
600148.SH,长春一东,25.04,10.017574692,涨停, 09:30:31, 14:02:07,"[{""code"":""600148.SH"",""time"":1752024631000,""openTime"":1752039667000,""duration"":9633000,""updatedTime"":1752039667000,""firstVol"":193100.0,""highestVol"":5374300.0,""firstVolDivLTGB"":0.0013645056811416624,""firstVolDivVol"":0.088109,""highestVolDivLTGB"":0.037976503791608676,""highestVolDivVol"":1.463549},{""code"":""600148.SH"",""time"":1752040009000,""openTime"":1752040018000,""duration"":6000,""updatedTime"":1752040018000,""firstVol"":56100.0,""highestVol"":355200.0,""firstVolDivLTGB"":3.9642034547927114E-4,""firstVolDivVol"":0.004148,""highestVolDivLTGB"":0.0025099555564035135,""highestVolDivVol"":0.026181},{""code"":""600148.SH"",""time"":1752040339000,""openTime"":1752040354000,""duration"":12000,""updatedTime"":1752040354000,""firstVol"":150000.0,""highestVol"":1228500.0,""firstVolDivLTGB"":0.0010599474478055378,""firstVolDivVol"":0.009317,""highestVolDivLTGB"":0.008680969597527354,""highestVolDivVol"":0.075798},{""code"":""600148.SH"",""time"":1752040927000,""openTime"":null,""duration"":3477000,""updatedTime"":1752046279000,""firstVol"":646000.0,""highestVol"":3509100.0,""firstVolDivLTGB"":0.004564840341882516,""firstVolDivVol"":0.031098,""highestVolDivLTGB"":0.024796410593962752,""highestVolDivVol"":0.168494}]",2,军工概念+AMT系统+新能源汽车+国企改革,2070300,51840312,9.488199993638787,1.4629394674612033,3,3543571900.000,2天2板,放量涨停,17,600148
600962.SH,国投中鲁,17.88,10.030769231,涨停, 09:25:02, 09:25:02,"[{""code"":""600962.SH"",""time"":1752024302000,""openTime"":null,""duration"":14446000,""updatedTime"":1752046298000,""firstVol"":1.082249E8,""highestVol"":1.082249E8,""firstVolDivLTGB"":0.4127413142137981,""firstVolDivVol"":1693.660407,""highestVolDivLTGB"":0.4127413142137981,""highestVolDivVol"":1693.660407}]",3,并购重组+浓缩果汁+国企,14330200,256223976,1854.0820287229913,5.465161511765379,0,4688314800.000,3天3板,一字涨停||缩量涨停,17,600962
688528.SH,秦川物联,12.55,19.980879541,涨停, 11:25:50, 11:25:50,"[{""code"":""688528.SH"",""time"":1752031550000,""openTime"":null,""duration"":7479000,""updatedTime"":1752046316000,""firstVol"":4473473.0,""highestVol"":8051395.0,""firstVolDivLTGB"":0.026627815476190475,""firstVolDivVol"":0.91725,""highestVolDivLTGB"":0.047924970238095235,""highestVolDivVol"":0.87592}]",1,此前重组（已终止）+智能传感器+智慧城市物联网,2589463,32497760.65,23.656273409950483,1.541347023809524,0,2108400000.000,首板涨停,放量涨停,17,688528
002640.SZ,跨境通,5.45,10.101010101,涨停, 10:19:15, 10:19:15,"[{""code"":""002640.SZ"",""time"":1752027555000,""openTime"":null,""duration"":11499000,""updatedTime"":1752047046000,""firstVol"":2.2533727E8,""highestVol"":2.6605517E8,""firstVolDivLTGB"":0.16128063402130682,""firstVolDivVol"":0.600422,""highestVolDivLTGB"":0.19042365473872375,""highestVolDivVol"":0.695155}]",1,股份拍卖+跨境电商+母婴,33215500,181024475,7.2722909000434015,2.3773328306208366,0,7614603800.000,首板涨停,放量涨停,33,002640
600475.SH,华光环能,16.73,9.993425378,涨停, 11:17:08, 11:17:08,"[{""code"":""600475.SH"",""time"":1752031028000,""openTime"":null,""duration"":7992000,""updatedTime"":1752046301000,""firstVol"":360000.0,""highestVol"":7481359.0,""firstVolDivLTGB"":3.8180660596253443E-4,""firstVolDivVol"":0.007049,""highestVolDivLTGB"":0.007934534132714612,""highestVolDivVol"":0.136697}]",5,电力+光伏概念+一带一路+无锡国资,2085515,34890665.95,3.714250639249906,0.22118427884276526,0,15774478000.000,5天5板,放量涨停,17,600475
601519.SH,大智慧,14.25,10.038610039,涨停, 09:34:38, 09:34:38,"[{""code"":""601519.SH"",""time"":1752024878000,""openTime"":null,""duration"":14133000,""updatedTime"":1752046283000,""firstVol"":5.6951713E7,""highestVol"":7.8508918E7,""firstVolDivLTGB"":0.028631036719017074,""firstVolDivVol"":0.680227,""highestVolDivLTGB"":0.03946837760662792,""highestVolDivVol"":0.887792}]",2,资产重组+金融信息服务+业绩扭亏,20277579,288955500.75,19.014402785511244,1.0194041203322006,0,28345530000.000,2天2板,缩量涨停,17,601519
600777.SH,*ST新潮,3.54,5.044510386,涨停, 09:32:29, 09:32:41,"[{""code"":""600777.SH"",""time"":1752024749000,""openTime"":1752024755000,""duration"":3000,""updatedTime"":1752024755000,""firstVol"":262744.0,""highestVol"":365044.0,""firstVolDivLTGB"":4.127202490022831E-5,""firstVolDivVol"":0.011994,""highestVolDivLTGB"":5.734138575068867E-5,""highestVolDivVol"":0.016218},{""code"":""600777.SH"",""time"":1752024761000,""openTime"":null,""duration"":14262000,""updatedTime"":1752046295000,""firstVol"":40144.0,""highestVol"":2.1757146E7,""firstVolDivLTGB"":6.305849677232459E-6,""firstVolDivVol"":0.001688,""highestVolDivLTGB"":0.0034176288382223867,""highestVolDivVol"":0.69022}]",2,要约收购+油气开采+页岩油,16603324,58775766.96,51.959013422019,0.26080626067752577,1,22536179000.000,2天2板,缩量涨停,22,600777
000655.SZ,金岭矿业,8.88,10.037174721,涨停, 09:30:06, 09:30:06,"[{""code"":""000655.SZ"",""time"":1752024606000,""openTime"":null,""duration"":14442000,""updatedTime"":1752047052000,""firstVol"":1153854.0,""highestVol"":1.8680454E7,""firstVolDivLTGB"":0.0019381421611638777,""firstVolDivVol"":0.060471,""highestVolDivLTGB"":0.031377778719909453,""highestVolDivVol"":0.940127}]",2,中报预增+铜+铁矿业务+国企,6762564,60051568.32,25.887259477575743,1.1359158442895754,0,5286621200.000,2天2板,放量涨停,33,000655
605162.SH,新中港,11.36,9.970958374,涨停, 14:40:35, 14:41:50,"[{""code"":""605162.SH"",""time"":1752043235000,""openTime"":1752043283000,""duration"":45000,""updatedTime"":1752043283000,""firstVol"":1540800.0,""highestVol"":1590900.0,""firstVolDivLTGB"":0.003846875509813057,""firstVolDivVol"":0.022199,""highestVolDivLTGB"":0.003971958884061262,""highestVolDivVol"":0.022915},{""code"":""605162.SH"",""time"":1752043310000,""openTime"":null,""duration"":1093000,""updatedTime"":1752046271000,""firstVol"":40700.0,""highestVol"":1448700.0,""firstVolDivLTGB"":1.0161463736331217E-4,""firstVolDivVol"":5.79E-4,""highestVolDivLTGB"":0.0036169318218238415,""highestVolDivVol"":0.020416}]",4,电力+热电联产+储能,571000,6486560,0.7952503692587015,0.14256009320503993,1,4550053100.000,4天4板,放量涨停,17,605162
600353.SH,旭光电子,13.87,9.992069786,涨停, 09:41:09, 14:56:14,"[{""code"":""600353.SH"",""time"":1752025269000,""openTime"":1752031623000,""duration"":6350000,""updatedTime"":1752031623000,""firstVol"":3.599794E7,""highestVol"":3.599794E7,""firstVolDivLTGB"":0.04343322312821322,""firstVolDivVol"":0.781689,""highestVolDivLTGB"":0.04343322312821322,""highestVolDivVol"":0.781689},{""code"":""600353.SH"",""time"":1752044174000,""openTime"":null,""duration"":228000,""updatedTime"":1752046283000,""firstVol"":1383460.0,""highestVol"":1709960.0,""firstVolDivLTGB"":0.0016692101511630347,""firstVolDivVol"":0.01004,""highestVolDivLTGB"":0.0020631478973607786,""highestVolDivVol"":0.012405}]",1,光刻机+军工业务+低空经济+可控核聚变,1063160,14746029.2,0.7657052877007475,0.12827529992269324,1,11495610800.000,首板涨停,放量涨停,17,600353
000892.SZ,欢瑞世纪,5.17,10,涨停, 10:10:36, 13:00:30,"[{""code"":""000892.SZ"",""time"":1752027036000,""openTime"":1752031794000,""duration"":4755000,""updatedTime"":1752031794000,""firstVol"":1.330959E8,""highestVol"":1.4940166E8,""firstVolDivLTGB"":0.1872384277016834,""firstVolDivVol"":2.337714,""highestVolDivLTGB"":0.21017726251839075,""highestVolDivVol"":2.389297},{""code"":""000892.SZ"",""time"":1752037230000,""openTime"":null,""duration"":7170000,""updatedTime"":1752047049000,""firstVol"":7.20624E7,""highestVol"":9.03901E7,""firstVolDivLTGB"":0.10137690546748465,""firstVolDivVol"":0.633378,""highestVolDivLTGB"":0.12716019204046056,""highestVolDivVol"":0.787397}]",1,短剧+影视制作+艺人经纪,12847465,66421394.05,9.835057803810262,1.8073728390975288,1,3675024500.000,首板涨停,放量涨停,33,000892
002269.SZ,美邦服饰,2.09,10,涨停, 13:12:42, 14:49:51,"[{""code"":""002269.SZ"",""time"":1752037962000,""openTime"":1752043551000,""duration"":5586000,""updatedTime"":1752043551000,""firstVol"":2.8661505E8,""highestVol"":3.1921955E8,""firstVolDivLTGB"":0.11407564179104478,""firstVolDivVol"":1.019339,""highestVolDivLTGB"":0.12705255721393036,""highestVolDivVol"":1.125038},{""code"":""002269.SZ"",""time"":1752043713000,""openTime"":1752043722000,""duration"":6000,""updatedTime"":1752043722000,""firstVol"":7207500.0,""highestVol"":7207500.0,""firstVolDivLTGB"":0.0028686567164179105,""firstVolDivVol"":0.017649,""highestVolDivLTGB"":0.0028686567164179105,""highestVolDivVol"":0.017649},{""code"":""002269.SZ"",""time"":1752043746000,""openTime"":1752043770000,""duration"":21000,""updatedTime"":1752043770000,""firstVol"":4548500.0,""highestVol"":8652700.0,""firstVolDivLTGB"":0.0018103482587064677,""firstVolDivVol"":0.010824,""highestVolDivLTGB"":0.0034438606965174127,""highestVolDivVol"":0.020573},{""code"":""002269.SZ"",""time"":1752043791000,""openTime"":null,""duration"":609000,""updatedTime"":1752047085000,""firstVol"":1.23124E7,""highestVol"":3.09996E7,""firstVolDivLTGB"":0.004900457711442786,""firstVolDivVol"":0.028766,""highestVolDivLTGB"":0.012338149253731343,""highestVolDivVol"":0.071913}]",1,周杰伦曾为公司代言人+潮流户外+新零售+IP经济,14042000,29347780,3.2093971660991025,0.5588855721393035,3,5251125000.000,首板涨停,放量涨停,33,002269
002951.SZ,金时科技,17.3,9.980928163,涨停, 09:30:36, 09:30:36,"[{""code"":""002951.SZ"",""time"":1752024636000,""openTime"":null,""duration"":14397000,""updatedTime"":1752047067000,""firstVol"":772200.0,""highestVol"":5554680.0,""firstVolDivLTGB"":0.0019066737284212164,""firstVolDivVol"":0.118408,""highestVolDivLTGB"":0.013715310056703914,""highestVolDivVol"":0.616213}]",3,蚂蚁数科合作+储能+超级电容器+摘帽,3122700,54022710,28.366262433574057,0.7710398927403435,0,7006474100.000,3天3板,缩量涨停,33,002951
000514.SZ,渝开发,6.24,10.052910053,涨停, 13:32:06, 13:56:33,"[{""code"":""000514.SZ"",""time"":1752039126000,""openTime"":1752039171000,""duration"":42000,""updatedTime"":1752039171000,""firstVol"":3446915.0,""highestVol"":8652415.0,""firstVolDivLTGB"":0.004085131087676145,""firstVolDivVol"":0.022271,""highestVolDivLTGB"":0.010254459277346667,""highestVolDivVol"":0.055774},{""code"":""000514.SZ"",""time"":1752039390000,""openTime"":1752040158000,""duration"":765000,""updatedTime"":1752040158000,""firstVol"":760500.0,""highestVol"":1.12887E7,""firstVolDivLTGB"":9.013109380932538E-4,""firstVolDivVol"":0.0047,""highestVolDivLTGB"":0.013378867569826843,""highestVolDivVol"":0.069615},{""code"":""000514.SZ"",""time"":1752040164000,""openTime"":1752040587000,""duration"":420000,""updatedTime"":1752040587000,""firstVol"":1994466.0,""highestVol"":6194266.0,""firstVolDivLTGB"":0.0023637528224261664,""firstVolDivVol"":0.011849,""highestVolDivLTGB"":0.0073411698872572605,""highestVolDivVol"":0.036772},{""code"":""000514.SZ"",""time"":1752040593000,""openTime"":null,""duration"":3807000,""updatedTime"":1752047103000,""firstVol"":676400.0,""highestVol"":5703100.0,""firstVolDivLTGB"":8.016393405999696E-4,""firstVolDivVol"":0.003932,""highestVolDivLTGB"":0.006759061684470264,""highestVolDivVol"":0.033101}]",3,中报预增+房地产+国企改革,1298867,8104930.08,0.7361903276903866,0.15393596768288892,3,5265130800.000,3天3板,放量涨停,33,000514
600821.SH,金开新能,5.97,9.944751381,涨停, 10:43:42, 14:50:36,"[{""code"":""600821.SH"",""time"":1752029022000,""openTime"":1752029586000,""duration"":561000,""updatedTime"":1752029586000,""firstVol"":5.70754E7,""highestVol"":5.73886E7,""firstVolDivLTGB"":0.028576800879358003,""firstVolDivVol"":1.342338,""highestVolDivLTGB"":0.028733615444571998,""highestVolDivVol"":1.282158},{""code"":""600821.SH"",""time"":1752029589000,""openTime"":1752029595000,""duration"":3000,""updatedTime"":1752029595000,""firstVol"":3182500.0,""highestVol"":3182500.0,""firstVolDivLTGB"":0.0015934302483829607,""firstVolDivVol"":0.04661,""highestVolDivLTGB"":0.0015934302483829607,""highestVolDivVol"":0.04661},{""code"":""600821.SH"",""time"":1752029604000,""openTime"":1752029631000,""duration"":24000,""updatedTime"":1752029631000,""firstVol"":8588300.0,""highestVol"":1.85676E7,""firstVolDivLTGB"":0.004300033622054166,""firstVolDivVol"":0.122277,""highestVolDivLTGB"":0.00929652018220753,""highestVolDivVol"":0.259906},{""code"":""600821.SH"",""time"":1752029634000,""openTime"":1752029640000,""duration"":3000,""updatedTime"":1752029640000,""firstVol"":949000.0,""highestVol"":4786900.0,""firstVolDivLTGB"":4.751501353387054E-4,""firstVolDivVol"":0.012872,""highestVolDivLTGB"":0.0023967293812991028,""highestVolDivVol"":0.064537},{""code"":""600821.SH"",""time"":1752029688000,""openTime"":1752029772000,""duration"":81000,""updatedTime"":1752029772000,""firstVol"":6307116.0,""highestVol"":2.4000716E7,""firstVolDivLTGB"":0.0031578788419356313,""firstVolDivVol"":0.076883,""highestVolDivLTGB"":0.012016800269363363,""highestVolDivVol"":0.287169},{""code"":""600821.SH"",""time"":1752029823000,""openTime"":1752030084000,""duration"":258000,""updatedTime"":1752030084000,""firstVol"":1.32833E7,""highestVol"":1.8944E7,""firstVolDivLTGB"":0.006650750045041755,""firstVolDivVol"":0.145177,""highestVolDivLTGB"":0.009484978044105832,""highestVolDivVol"":0.205255},{""code"":""600821.SH"",""time"":1752030261000,""openTime"":1752031164000,""duration"":900000,""updatedTime"":1752031164000,""firstVol"":7477200.0,""highestVol"":1.50732E7,""firstVolDivLTGB"":0.003743722436200809,""firstVolDivVol"":0.068266,""highestVolDivLTGB"":0.0075469262592069266,""highestVolDivVol"":0.136794},{""code"":""600821.SH"",""time"":1752031170000,""openTime"":1752031446000,""duration"":273000,""updatedTime"":1752031446000,""firstVol"":4526528.0,""highestVol"":1.4315228E7,""firstVolDivLTGB"":0.0022663650071806526,""firstVolDivVol"":0.037115,""highestVolDivLTGB"":0.0071674209922069805,""highestVolDivVol"":0.116463},{""code"":""600821.SH"",""time"":1752031455000,""openTime"":1752039318000,""duration"":2475000,""updatedTime"":1752039318000,""firstVol"":1697600.0,""highestVol"":1.4897694E7,""firstVolDivLTGB"":8.499629818240108E-4,""firstVolDivVol"":0.013219,""highestVolDivLTGB"":0.0074590530245886395,""highestVolDivVol"":0.114793},{""code"":""600821.SH"",""time"":1752039324000,""openTime"":1752039477000,""duration"":150000,""updatedTime"":1752039477000,""firstVol"":2468200.0,""highestVol"":9646300.0,""firstVolDivLTGB"":0.0012357908999399289,""firstVolDivVol"":0.017214,""highestVolDivLTGB"":0.004829758430471816,""highestVolDivVol"":0.066964},{""code"":""600821.SH"",""time"":1752039489000,""openTime"":1752039498000,""duration"":6000,""updatedTime"":1752039498000,""firstVol"":107700.0,""highestVol"":469600.0,""firstVolDivLTGB"":5.392378248259069E-5,""firstVolDivVol"":7.24E-4,""highestVolDivLTGB"":2.3512171080617076E-4,""highestVolDivVol"":0.003154},{""code"":""600821.SH"",""time"":1752039594000,""openTime"":1752039663000,""duration"":66000,""updatedTime"":1752039663000,""firstVol"":1203649.0,""highestVol"":5850949.0,""firstVolDivLTGB"":6.02649088777974E-4,""firstVolDivVol"":0.007966,""highestVolDivLTGB"":0.0029294828337300977,""highestVolDivVol"":0.038629},{""code"":""600821.SH"",""time"":1752039783000,""openTime"":1752039810000,""duration"":24000,""updatedTime"":1752039810000,""firstVol"":207175.0,""highestVol"":311175.0,""firstVolDivLTGB"":1.0372943023055456E-4,""firstVolDivVol"":0.001344,""highestVolDivLTGB"":1.5580067793890585E-4,""highestVolDivVol"":0.002016},{""code"":""600821.SH"",""time"":1752039855000,""openTime"":1752039885000,""duration"":27000,""updatedTime"":1752039885000,""firstVol"":400.0,""highestVol"":203100.0,""firstVolDivLTGB"":2.002740296475049E-7,""firstVolDivVol"":3.0E-6,""highestVolDivLTGB"":1.0168913855352061E-4,""highestVolDivVol"":0.001308},{""code"":""600821.SH"",""time"":1752042849000,""openTime"":1752042990000,""duration"":138000,""updatedTime"":1752042990000,""firstVol"":142400.0,""highestVol"":3733000.0,""firstVolDivLTGB"":7.129755455451175E-5,""firstVolDivVol"":7.53E-4,""highestVolDivLTGB"":0.0018690573816853395,""highestVolDivVol"":0.019659},{""code"":""600821.SH"",""time"":1752043014000,""openTime"":1752043020000,""duration"":3000,""updatedTime"":1752043020000,""firstVol"":1199.0,""highestVol"":4099.0,""firstVolDivLTGB"":6.003214038683959E-7,""firstVolDivVol"":6.0E-6,""highestVolDivLTGB"":2.0523081188128063E-6,""highestVolDivVol"":2.1E-5},{""code"":""600821.SH"",""time"":1752043035000,""openTime"":1752043053000,""duration"":15000,""updatedTime"":1752043053000,""firstVol"":2699.0,""highestVol"":18899.0,""firstVolDivLTGB"":1.3513490150465393E-6,""firstVolDivVol"":1.4E-5,""highestVolDivLTGB"":9.462447215770488E-6,""highestVolDivVol"":9.9E-5},{""code"":""600821.SH"",""time"":1752043083000,""openTime"":1752043173000,""duration"":87000,""updatedTime"":1752043173000,""firstVol"":6399.0,""highestVol"":711700.0,""firstVolDivLTGB"":3.2038837892859595E-6,""firstVolDivVol"":3.3E-5,""highestVolDivLTGB"":3.563375672503231E-4,""highestVolDivVol"":0.003698},{""code"":""600821.SH"",""time"":1752043176000,""openTime"":1752043200000,""duration"":21000,""updatedTime"":1752043200000,""firstVol"":20500.0,""highestVol"":32400.0,""firstVolDivLTGB"":1.0264044019434626E-5,""firstVolDivVol"":1.06E-4,""highestVolDivLTGB"":1.6222196401447895E-5,""highestVolDivVol"":1.68E-4},{""code"":""600821.SH"",""time"":1752043362000,""openTime"":1752043566000,""duration"":201000,""updatedTime"":1752043566000,""firstVol"":50500.0,""highestVol"":1274900.0,""firstVolDivLTGB"":2.5284596242997494E-5,""firstVolDivVol"":2.6E-4,""highestVolDivLTGB"":6.3832340099401E-4,""highestVolDivVol"":0.006555},{""code"":""600821.SH"",""time"":1752043650000,""openTime"":1752043815000,""duration"":162000,""updatedTime"":1752043815000,""firstVol"":13400.0,""highestVol"":1511700.0,""firstVolDivLTGB"":6.709179993191414E-6,""firstVolDivVol"":6.8E-5,""highestVolDivLTGB"":7.568856265453329E-4,""highestVolDivVol"":0.007648},{""code"":""600821.SH"",""time"":1752043836000,""openTime"":null,""duration"":564000,""updatedTime"":1752046275000,""firstVol"":39200.0,""highestVol"":681200.0,""firstVolDivLTGB"":1.962685490545548E-5,""firstVolDivVol"":1.97E-4,""highestVolDivLTGB"":3.410666724897008E-4,""highestVolDivVol"":0.003387}]",1,算力+光伏+国企改革,310200,1851894,0.15307328898889305,0.015531250999164005,21,11923662800.000,首板涨停,放量涨停,17,600821
603093.SH,南华期货,22.96,10.014374701,涨停, 10:55:05, 11:17:02,"[{""code"":""603093.SH"",""time"":1752029705000,""openTime"":1752030152000,""duration"":444000,""updatedTime"":1752030152000,""firstVol"":1.50479E7,""highestVol"":2.66698E7,""firstVolDivLTGB"":0.02466602406832142,""firstVolDivVol"":0.47361,""highestVolDivLTGB"":0.04371626131867693,""highestVolDivVol"":0.81046},{""code"":""603093.SH"",""time"":1752031022000,""openTime"":null,""duration"":7992000,""updatedTime"":1752046277000,""firstVol"":1.78417E7,""highestVol"":2.10069E7,""firstVolDivLTGB"":0.029245529384151297,""firstVolDivVol"":0.39882,""highestVolDivLTGB"":0.03443382139706014,""highestVolDivVol"":0.466829}]",1,国际金融牌照+期货经纪增长,354900,8148504,0.6760137778046144,0.05817404383234386,1,14007113000.000,首板涨停,放量涨停,17,603093
603726.SH,朗迪集团,20.57,10,涨停, 09:35:59, 09:35:59,"[{""code"":""603726.SH"",""time"":1752024959000,""openTime"":null,""duration"":14052000,""updatedTime"":1752046283000,""firstVol"":1.1878937E7,""highestVol"":1.4914841E7,""firstVolDivLTGB"":0.06455901918030969,""firstVolDivVol"":0.664633,""highestVolDivLTGB"":0.08105838983658802,""highestVolDivVol"":0.816919}]",2,间接投资长鑫存储+空调风叶+新材料投资,5014861,103155690.77,23.685054571358766,2.7254501601076515,0,3784904700.000,2天2板,放量涨停,17,603726
000987.SZ,越秀资本,7.66,10.057471264,涨停, 09:39:33, 09:39:33,"[{""code"":""000987.SZ"",""time"":1752025173000,""openTime"":null,""duration"":13845000,""updatedTime"":1752047082000,""firstVol"":1.438511E8,""highestVol"":1.6876618E8,""firstVolDivLTGB"":0.028686520032396166,""firstVolDivVol"":2.611791,""highestVolDivLTGB"":0.03365503915758014,""highestVolDivVol"":2.961793}]",1,中报预增+多元金融+新能源+国企改革,16107703,123385004.98,18.996502682674528,0.3212168310046901,0,38411750000.000,首板涨停,放量涨停,33,000987
605122.SH,四方新材,15.69,10.028050491,涨停, 09:25:00, 09:25:00,"[{""code"":""605122.SH"",""time"":1752024300000,""openTime"":null,""duration"":14427000,""updatedTime"":1752046278000,""firstVol"":3.716664E7,""highestVol"":4.073789E7,""firstVolDivLTGB"":0.21564129640159208,""firstVolDivVol"":15.08962,""highestVolDivLTGB"":0.23636173224874388,""highestVolDivVol"":13.907941}]",3,房地产+装配式建筑+混凝土+债权债务重组,34917030,547848200.7,795.0197747252372,20.258903187625467,0,2704234300.000,3天3板,一字涨停||放量涨停,17,605122
600571.SH,信雅达,21.77,10.005053057,涨停, 10:40:11, 13:03:29,"[{""code"":""600571.SH"",""time"":1752028811000,""openTime"":1752028823000,""duration"":9000,""updatedTime"":1752028823000,""firstVol"":9764177.0,""highestVol"":9764177.0,""firstVolDivLTGB"":0.021330727850945867,""firstVolDivVol"":0.088857,""highestVolDivLTGB"":0.021330727850945867,""highestVolDivVol"":0.088857},{""code"":""600571.SH"",""time"":1752028844000,""openTime"":1752028868000,""duration"":21000,""updatedTime"":1752028868000,""firstVol"":1145200.0,""highestVol"":3412100.0,""firstVolDivLTGB"":0.00250179298622948,""firstVolDivVol"":0.009943,""highestVolDivLTGB"":0.007454041083054147,""highestVolDivVol"":0.029477},{""code"":""600571.SH"",""time"":1752037409000,""openTime"":null,""duration"":6993000,""updatedTime"":1752046280000,""firstVol"":6482133.0,""highestVol"":1.3955733E7,""firstVolDivLTGB"":0.014160805863785066,""firstVolDivVol"":0.043866,""highestVolDivLTGB"":0.030487561069761873,""highestVolDivVol"":0.094179}]",1,跨境支付+金融科技+AI智能体,3801745,82763988.65,2.485374498951307,0.8305255829927518,2,9965254600.000,4天3板,放量涨停,17,600571
600537.SH,亿晶光电,3.97,9.972299169,涨停, 09:37:06, 09:46:18,"[{""code"":""600537.SH"",""time"":1752025026000,""openTime"":1752025035000,""duration"":6000,""updatedTime"":1752025035000,""firstVol"":2.609066E7,""highestVol"":2.609066E7,""firstVolDivLTGB"":0.022041335628302385,""firstVolDivVol"":0.17803,""highestVolDivLTGB"":0.022041335628302385,""highestVolDivVol"":0.17803},{""code"":""600537.SH"",""time"":1752025389000,""openTime"":1752025557000,""duration"":165000,""updatedTime"":1752025557000,""firstVol"":2.0781013E7,""highestVol"":5.5181613E7,""firstVolDivLTGB"":0.017555756819839553,""firstVolDivVol"":0.099429,""highestVolDivLTGB"":0.0466173125802143,""highestVolDivVol"":0.261432},{""code"":""600537.SH"",""time"":1752025578000,""openTime"":null,""duration"":13428000,""updatedTime"":1752046287000,""firstVol"":1.3204113E7,""highestVol"":3.9563213E7,""firstVolDivLTGB"":0.011154807364284028,""firstVolDivVol"":0.057415,""highestVolDivLTGB"":0.033422920549614925,""highestVolDivVol"":0.169836}]",2,TOPCon电池+BIPV+海面光伏+亏损缩小,22376198,88833506.06,8.984645759323474,1.8903365809962207,2,4699348600.000,6天4板,放量涨停,17,600537
002218.SZ,拓日新能,4.08,9.973045822,涨停, 09:25:00, 09:25:00,"[{""code"":""002218.SZ"",""time"":1752024300000,""openTime"":null,""duration"":14478000,""updatedTime"":1752047061000,""firstVol"":7.104168E7,""highestVol"":7.104168E7,""firstVolDivLTGB"":0.05102109260121599,""firstVolDivVol"":5.808463,""highestVolDivLTGB"":0.05102109260121599,""highestVolDivVol"":5.808463}]",2,分红派息+钙钛矿电池+光伏一体化+国企EPC合作,24332700,99277416,48.48421449044919,1.7475388250075286,0,5680984900.000,2天2板,一字涨停||放量涨停,33,002218
002121.SZ,科陆电子,5.69,10.058027079,涨停, 09:56:39, 09:56:39,"[{""code"":""002121.SZ"",""time"":1752026199000,""openTime"":null,""duration"":12813000,""updatedTime"":1752047088000,""firstVol"":1.4232735E8,""highestVol"":1.632785E8,""firstVolDivLTGB"":0.10166802788020814,""firstVolDivVol"":1.87828,""highestVolDivLTGB"":0.11663396452079354,""highestVolDivVol"":2.048224}]",1,固态变压器+机器人概念+智能电网+储能出海,11340700,64528583,10.813113074725822,0.8100949000884766,0,7965558500.000,首板涨停,放量涨停,33,002121
000819.SZ,岳阳兴长,17.28,9.993634628,涨停, 13:35:36, 14:43:06,"[{""code"":""000819.SZ"",""time"":1752039336000,""openTime"":1752039444000,""duration"":105000,""updatedTime"":1752039444000,""firstVol"":2.03787E7,""highestVol"":2.03787E7,""firstVolDivLTGB"":0.05842471591025968,""firstVolDivVol"":1.64243,""highestVolDivLTGB"":0.05842471591025968,""highestVolDivVol"":1.64243},{""code"":""000819.SZ"",""time"":1752039456000,""openTime"":1752039465000,""duration"":6000,""updatedTime"":1752039465000,""firstVol"":372300.0,""highestVol"":415900.0,""firstVolDivLTGB"":0.001067365520538095,""firstVolDivVol"":0.021837,""highestVolDivLTGB"":0.0011923645446999564,""highestVolDivVol"":0.024078},{""code"":""000819.SZ"",""time"":1752039948000,""openTime"":1752039966000,""duration"":15000,""updatedTime"":1752039966000,""firstVol"":6676669.0,""highestVol"":7309469.0,""firstVolDivLTGB"":0.019141676826875002,""firstVolDivVol"":0.299079,""highestVolDivLTGB"":0.020955882847279263,""highestVolDivVol"":0.327162},{""code"":""000819.SZ"",""time"":1752042270000,""openTime"":1752043068000,""duration"":795000,""updatedTime"":1752043068000,""firstVol"":1945748.0,""highestVol"":5000180.0,""firstVolDivLTGB"":0.005578362414332414,""firstVolDivVol"":0.068336,""highestVolDivLTGB"":0.01433526652829485,""highestVolDivVol"":0.174729},{""code"":""000819.SZ"",""time"":1752043083000,""openTime"":1752043383000,""duration"":297000,""updatedTime"":1752043383000,""firstVol"":1897643.0,""highestVol"":3171819.0,""firstVolDivLTGB"":0.005440447779990525,""firstVolDivVol"":0.060838,""highestVolDivLTGB"":0.009093446784817674,""highestVolDivVol"":0.101394},{""code"":""000819.SZ"",""time"":1752043386000,""openTime"":null,""duration"":1014000,""updatedTime"":1752047046000,""firstVol"":1120323.0,""highestVol"":2065662.0,""firstVolDivLTGB"":0.0032119101317910296,""firstVolDivVol"":0.034483,""highestVolDivLTGB"":0.005922149868078868,""highestVolDivVol"":0.06343}]",1,参股东粤化学+能源化工+锂电池材料+国企改革,1140800,19713024,3.3514810194037183,0.3270616668895672,5,6027311100.000,首板涨停,放量涨停,33,000819
300371.SZ,汇中股份,14.09,20.017035775,涨停, 09:33:24, 10:45:06,"[{""code"":""300371.SZ"",""time"":1752024804000,""openTime"":1752024981000,""duration"":174000,""updatedTime"":1752024981000,""firstVol"":5.5806765E7,""highestVol"":5.7976765E7,""firstVolDivLTGB"":0.4151968366193382,""firstVolDivVol"":7.730416,""highestVolDivLTGB"":0.43134142295155015,""highestVolDivVol"":7.728571},{""code"":""300371.SZ"",""time"":1752025005000,""openTime"":1752025026000,""duration"":18000,""updatedTime"":1752025026000,""firstVol"":370952.0,""highestVol"":370952.0,""firstVolDivLTGB"":0.002759846354427044,""firstVolDivVol"":0.02606,""highestVolDivLTGB"":0.002759846354427044,""highestVolDivVol"":0.02606},{""code"":""300371.SZ"",""time"":1752025050000,""openTime"":1752025143000,""duration"":90000,""updatedTime"":1752025143000,""firstVol"":1.1505504E7,""highestVol"":1.5566204E7,""firstVolDivLTGB"":0.08559981687723957,""firstVolDivVol"":0.769222,""highestVolDivLTGB"":0.11581102504277553,""highestVolDivVol"":1.038971},{""code"":""300371.SZ"",""time"":1752025167000,""openTime"":1752025218000,""duration"":48000,""updatedTime"":1752025218000,""firstVol"":793320.0,""highestVol"":1485020.0,""firstVolDivLTGB"":0.005902222686207549,""firstVolDivVol"":0.048028,""highestVolDivLTGB"":0.011048402578369301,""highestVolDivVol"":0.089571},{""code"":""300371.SZ"",""time"":1752025233000,""openTime"":1752025911000,""duration"":675000,""updatedTime"":1752025911000,""firstVol"":342620.0,""highestVol"":9940788.0,""firstVolDivLTGB"":0.0025490590641209475,""firstVolDivVol"":0.020193,""highestVolDivLTGB"":0.07395848390609056,""highestVolDivVol"":0.570033},{""code"":""300371.SZ"",""time"":1752026046000,""openTime"":1752029082000,""duration"":3033000,""updatedTime"":1752029082000,""firstVol"":1316164.0,""highestVol"":1.1051424E7,""firstVolDivLTGB"":0.009792130564677143,""firstVolDivVol"":0.064715,""highestVolDivLTGB"":0.0822215063879627,""highestVolDivVol"":0.539786},{""code"":""300371.SZ"",""time"":1752029106000,""openTime"":null,""duration"":9927000,""updatedTime"":1752047100000,""firstVol"":1519400.0,""highestVol"":3088100.0,""firstVolDivLTGB"":0.011304186393162594,""firstVolDivVol"":0.064782,""highestVolDivLTGB"":0.02297515993202936,""highestVolDivVol"":0.131618}]",1,中报预增+超声测流+海外拓展,1191575,16789291.75,4.8416759864248196,0.8865200672260576,6,1893842300.000,首板涨停,放量涨停,33,300371
300778.SZ,新城市,17.86,20.02688172,涨停, 13:10:36, 13:10:36,"[{""code"":""300778.SZ"",""time"":1752037836000,""openTime"":null,""duration"":6564000,""updatedTime"":1752047115000,""firstVol"":5.2554674E7,""highestVol"":5.3059117E7,""firstVolDivLTGB"":0.2581023802407595,""firstVolDivVol"":1.427826,""highestVolDivLTGB"":0.2605797610156034,""highestVolDivVol"":1.440316}]",1,低空经济+新型城镇化+应急防灾+一季报增长,4605813,82259820.18,11.38057488271367,2.2619706445973446,0,3636644000.000,首板涨停,放量涨停,33,300778
600289.SH,ST信通,7.04,5.074626866,涨停, 09:39:32, 09:39:32,"[{""code"":""600289.SH"",""time"":1752025172000,""openTime"":null,""duration"":13834000,""updatedTime"":1752046283000,""firstVol"":715800.0,""highestVol"":2910400.0,""firstVolDivLTGB"":0.0012648370885942435,""firstVolDivVol"":0.126007,""highestVolDivLTGB"":0.005142751973518701,""highestVolDivVol"":0.475514}]",1,撤销退市风险警示+黑龙江自贸区+AI应用,1895200,13342208,30.893977353436586,0.33488673516398576,0,3984095700.000,首板涨停,缩量涨停,22,600289
603801.SH,志邦家居,10.99,10.01001001,涨停, 11:25:07, 11:29:49,"[{""code"":""603801.SH"",""time"":1752031507000,""openTime"":1752031603000,""duration"":93000,""updatedTime"":1752031603000,""firstVol"":2.009606E7,""highestVol"":2.009606E7,""firstVolDivLTGB"":0.046266990468940936,""firstVolDivVol"":0.807966,""highestVolDivLTGB"":0.046266990468940936,""highestVolDivVol"":0.807966},{""code"":""603801.SH"",""time"":1752031789000,""openTime"":null,""duration"":7242000,""updatedTime"":1752046291000,""firstVol"":5812800.0,""highestVol"":3.06398E7,""firstVolDivLTGB"":0.013382760710201893,""firstVolDivVol"":0.183228,""highestVolDivLTGB"":0.07054175468078103,""highestVolDivVol"":0.8702}]",1,周杰伦代言人+智能家居+整家一体化,7201078,79139847.22,15.859423557052002,1.657898151140573,1,4773504800.000,首板涨停,放量涨停,17,603801
000607.SZ,华媒控股,5.45,10.101010101,涨停, 09:25:00, 15:00:00,"[{""code"":""000607.SZ"",""time"":1752024300000,""openTime"":1752044190000,""duration"":14283000,""updatedTime"":1752044190000,""firstVol"":5.7996099E7,""highestVol"":5.7996099E7,""firstVolDivLTGB"":0.06552983889273228,""firstVolDivVol"":16.069848,""highestVolDivLTGB"":0.06552983889273228,""highestVolDivVol"":16.069848},{""code"":""000607.SZ"",""time"":1752044400000,""openTime"":null,""duration"":0,""updatedTime"":1752047052000,""firstVol"":2.50075E7,""highestVol"":2.50075E7,""firstVolDivLTGB"":0.02825599435765503,""firstVolDivVol"":0.473175,""highestVolDivLTGB"":0.02825599435765503,""highestVolDivVol"":0.473175}]",2,文化产权交易所+幼教业务+AI应用+国企改革,25007500,136290875,47.31750118031219,2.825599435765503,1,4823432300.000,2天2板,T字涨停||放量涨停,33,000607
605058.SH,澳弘电子,31.8,9.996540989,涨停, 10:15:49, 10:15:49,"[{""code"":""605058.SH"",""time"":1752027349000,""openTime"":null,""duration"":11682000,""updatedTime"":1752046294000,""firstVol"":1.06102E7,""highestVol"":1.10514E7,""firstVolDivLTGB"":0.07423668321509447,""firstVolDivVol"":1.083724,""highestVolDivLTGB"":0.07732363959994108,""highestVolDivVol"":1.123795}]",1,PCB+泰国基地+汽车电子/新能源应用+HDI技改,3559814,113202085.2,32.08084145594791,2.4907050217965567,0,4544981600.000,首板涨停,放量涨停,17,605058
002520.SZ,日发精机,7.41,9.940652819,涨停, 09:36:45, 10:56:30,"[{""code"":""002520.SZ"",""time"":1752025005000,""openTime"":1752025008000,""duration"":0,""updatedTime"":1752025008000,""firstVol"":1.14022E7,""highestVol"":1.14022E7,""firstVolDivLTGB"":0.015892893178963072,""firstVolDivVol"":0.140181,""highestVolDivLTGB"":0.015892893178963072,""highestVolDivVol"":0.140181},{""code"":""002520.SZ"",""time"":1752025011000,""openTime"":1752025020000,""duration"":6000,""updatedTime"":1752025020000,""firstVol"":13000.0,""highestVol"":481500.0,""firstVolDivLTGB"":1.8119977839936146E-5,""firstVolDivVol"":1.39E-4,""highestVolDivLTGB"":6.711361023022503E-4,""highestVolDivVol"":0.005043},{""code"":""002520.SZ"",""time"":1752025080000,""openTime"":1752025086000,""duration"":3000,""updatedTime"":1752025086000,""firstVol"":214000.0,""highestVol"":214000.0,""firstVolDivLTGB"":2.982827121343335E-4,""firstVolDivVol"":0.002006,""highestVolDivLTGB"":2.982827121343335E-4,""highestVolDivVol"":0.002006},{""code"":""002520.SZ"",""time"":1752025149000,""openTime"":1752025176000,""duration"":24000,""updatedTime"":1752025176000,""firstVol"":8343000.0,""highestVol"":1.55739E7,""firstVolDivLTGB"":0.011628844239891328,""firstVolDivVol"":0.069597,""highestVolDivLTGB"":0.021707594067798583,""highestVolDivVol"":0.128039},{""code"":""002520.SZ"",""time"":1752025185000,""openTime"":1752029775000,""duration"":4587000,""updatedTime"":1752029775000,""firstVol"":6212000.0,""highestVol"":3.62331E7,""firstVolDivLTGB"":0.008658561718591027,""firstVolDivVol"":0.049022,""highestVolDivLTGB"":0.050503305313245414,""highestVolDivVol"":0.281568},{""code"":""002520.SZ"",""time"":1752029790000,""openTime"":null,""duration"":9264000,""updatedTime"":1752047046000,""firstVol"":2.527E7,""highestVol"":2.85672E7,""firstVolDivLTGB"":0.03522244923193742,""firstVolDivVol"":0.162136,""highestVolDivLTGB"":0.039818233149924914,""highestVolDivVol"":0.183106}]",2,人形机器人+高端机床,7415400,54948114,4.481893281693104,1.0335914128789423,5,5316231700.000,2天2板,放量涨停,33,002520
000010.SZ,美丽生态,3.29,10.033444816,涨停, 09:45:33, 09:45:33,"[{""code"":""000010.SZ"",""time"":1752025533000,""openTime"":null,""duration"":13512000,""updatedTime"":1752047055000,""firstVol"":1.555508E8,""highestVol"":1.555508E8,""firstVolDivLTGB"":0.2823415238472874,""firstVolDivVol"":8.585145,""highestVolDivLTGB"":0.2823415238472874,""highestVolDivVol"":8.585145}]",1,新型城镇化+水利+一季报增长,14823296,48768643.84,44.27626259054006,2.6905885286860625,0,1812564200.000,首板涨停,放量涨停,33,000010
